Moisture,pH,Temperature,Humidity,Bacterial_Growth,Odor,Texture,Color,Shelf_Life
48.72700594236812,4.925664644193098,10.468227349436239,67.08920959462286,57.19958782835928,0,1,0,1
77.53571532049581,6.709504736891791,9.879151962879993,75.76769780339606,80.54323292999864,1,0,0,0
66.59969709057026,8.364729179382042,36.250183220841464,37.53275291547493,76.01609297901591,0,1,0,0
59.93292420985183,7.6611244320478065,9.981847993980244,63.74118697248992,15.389990469377368,1,0,0,0
37.80093202212183,8.03280573930725,10.87798904514524,60.022218820062406,14.92494697414739,1,0,0,1
37.79972601681013,7.293916833553586,30.37593049671855,78.29812637517898,26.817436774491334,0,0,0,1
32.90418060840997,7.461382822589263,17.9895936980216,83.42609423368825,36.10747263410372,1,0,1,0
73.30880728874675,8.245978257826597,31.068422278207247,20.850974003417075,40.84555814084826,1,0,1,0
60.05575058716044,5.248340044295929,2.6146463025754096,67.18139433411548,67.96972168333453,0,1,0,1
65.40362888980228,6.447124818215702,19.502847746935373,23.628505938381032,5.66804321658354,0,1,0,0
31.02922471479012,5.106047209098011,1.3445440073313053,58.42010655541492,3.4672704226066386,0,0,0,0
78.49549260809971,8.938340039983235,2.506128138214181,40.13429103305747,39.191056294390904,0,0,0,1
71.62213204002109,8.720296698433067,36.25749813377644,41.474361966549885,69.71636921379805,1,1,1,1
40.61695553391381,4.197134056842529,5.5698148447038065,44.70709524166496,19.343534295648258,0,1,1,1
39.09124836035503,7.527875862578442,21.296827291008682,63.490471433472706,64.15044812562518,0,0,0,0
39.17022549267169,8.62624158707833,16.443824104028263,43.38349759681385,25.982813794029948,0,1,1,0
45.21211214797688,4.902876725636668,13.893733050353706,71.28893354131964,88.60861088135164,0,1,1,0
56.2378215816119,6.839726152763147,35.9933338274909,48.31691699017088,89.56899442666165,0,1,0,0
51.59725093210579,8.57744148794021,0.87293587101958,24.7847240216971,29.72872042813265,1,0,0,1
44.5614570099021,4.169729892928994,26.551587447023564,74.8631889738875,22.99937539632405,0,1,0,0
60.59264473611897,7.4871013362342,38.535777368542014,40.00308272148942,41.13039720662313,1,0,0,0
36.97469303260209,5.486745036862754,22.40672733847368,50.29368157194838,24.05315851801487,0,0,1,1
44.60723242676091,8.621980976882652,37.472898481323675,67.9810718255331,67.23838432917036,0,0,0,1
48.318092164684586,8.85529122582684,2.0903151714409507,43.271931000409836,82.60646845482856,0,0,1,0
52.8034992108518,8.72133244556717,16.751732762966455,23.960995930270094,67.3092130911217,0,0,0,1
69.25879806965068,6.371071083287319,10.406311638482046,46.174473290896955,82.43504472493495,0,1,1,1
39.98368910791799,8.310213254946568,29.23283859922919,86.11140078860124,39.69921622074742,0,0,0,0
55.71172192068058,8.22274699267535,39.25188361988987,64.92140781089907,15.631697070886085,0,0,0,0
59.620728443102124,5.595502366216278,10.261202497769911,67.00354040670449,73.79509473975922,0,0,1,0
32.32252063599989,8.144577370753387,26.166984058962978,64.25975075463478,36.047450514155386,1,1,1,0
60.37724259507192,4.185038173577463,7.923905310389605,33.92944972716057,67.12708252291326,0,1,1,1
38.526206184364575,6.981349392410265,22.613210182864396,49.28337048715961,27.064394198176565,1,1,0,1
33.25257964926398,5.150044186438516,18.557299467533447,72.56578588543228,8.122963480667266,0,1,1,0
77.44427686266667,4.6028344288863945,38.88021318526148,27.09610282872114,99.25817954877634,1,1,1,0
78.28160165372796,4.384766008146046,24.341090907858664,39.449694326279854,15.620150793059928,0,1,1,1
70.41986740582306,7.4814438793906985,13.980254883472751,39.34233759260975,98.8420993963481,0,1,1,0
45.23068845866854,5.699374818840331,4.563831395517335,50.241324931615424,97.72799325664472,0,0,1,0
34.883605700319194,7.623833857643808,6.049873149397382,88.62581186595295,79.38181039080396,1,0,1,0
64.21165132560785,4.326781703994712,9.012677198049403,24.725178267867534,65.94229620819976,1,1,1,0
52.007624686980066,5.576451689153052,10.03866645361192,56.30906960664165,57.78070502510847,1,0,1,1
36.10191174223894,6.697456461876686,34.024642313645515,32.55552774085473,86.61015453778347,1,0,1,0
54.758845505563514,7.953615824194818,22.448911531300997,87.9473581786821,28.943952161948793,0,1,0,1
31.71942605576092,5.59376251466035,20.935636454974656,27.931245330922494,46.7681212484877,0,0,0,0
75.4660201039391,7.129456882185045,4.590754874768699,48.25207016531139,61.93899693665019,0,0,1,0
42.93899908000085,8.429888741180935,34.4055877339774,71.65194893842244,41.11904758694911,1,1,0,1
63.1261142176991,7.079315940911522,28.91257212833935,69.31880996192118,42.7486454090268,0,0,0,0
45.58555380447055,5.1647973737681685,2.7067344760000633,49.59100458257526,33.02846675020844,1,1,1,1
56.00340105889054,4.12200390778269,28.313403889190745,44.25669175669027,56.4231816684536,1,1,1,0
57.33551396716398,8.350494369504649,21.741528693705842,47.83286649870094,85.0574528015116,1,0,1,0
39.24272277627635,4.106347054251936,3.26901382987113,38.49933842110475,20.152837800631286,1,0,1,0
78.47923138822793,8.373508363420997,18.332025661146258,34.373305709475986,93.44330387534414,1,0,1,0
68.75664116805572,6.6446856701360595,19.387851485201878,53.8127788291223,68.90876537482296,0,1,1,0
76.97494707820945,8.695338492564481,6.63098160653103,38.79736292473251,82.32732126800302,1,1,0,1
74.74136752138244,7.993916178868327,37.82792588001129,40.12231654280751,55.619069263001165,1,1,1,1
59.89499894055426,8.989670552666688,33.99901485922648,65.972924443219,77.95167014240634,0,0,0,0
76.09371175115584,5.753559077258551,26.760893493164332,87.79761321899245,1.620039733946721,1,0,1,0
34.424625102595975,7.835941444655635,18.491822440024286,62.254604039156256,81.83804247795352,1,1,1,1
39.79914312095726,6.00965456804621,16.470621663380342,25.388562694547637,4.013885908536652,0,0,0,1
32.2613644455269,6.399378101519544,26.038938686038165,25.290852969784687,88.99133763628625,0,0,1,0
46.266516538163216,7.13752731609185,21.817274776276218,86.59962545918961,99.19627472386433,0,1,1,0
49.4338644844741,8.368385570931693,2.4909242352754246,40.810355321513356,29.40674621767778,1,1,0,1
43.567451588694794,8.920417345996476,20.500105950813268,26.44468902577328,21.031855628579365,0,0,1,0
71.43687545759647,7.841367069322591,32.25614468931358,61.93312110052671,76.53633638580408,0,1,0,1
47.83766633467947,6.088833910836669,18.36959510387832,63.655414480318626,25.302634092025322,0,0,1,0
44.046725484369034,6.106785011385351,2.0782631021707365,65.39533740830817,86.55623831722035,1,1,1,1
57.13480415791243,7.687911507944458,31.451127975361324,38.71814195002789,10.28425921574767,0,1,0,1
37.04621124873813,5.1938857288415115,8.054551285438976,21.057747895013254,12.595519637935826,1,1,1,0
70.10984903770199,4.5523705656569735,10.344833395521551,87.55107586181303,97.91515551006155,1,0,0,1
33.727532183988544,5.773110788203883,6.588254137291836,37.562513198377175,67.38388982700046,0,0,0,0
79.34434683002587,5.436194958270409,13.2086025948599,67.32184016367833,84.68872244289528,1,1,0,0
68.61223846483287,5.48154060227995,30.2700602275454,69.46409089150967,32.4329377351518,1,1,1,0
39.93578407670862,5.168038755249549,20.775434380157492,62.700519195564,67.64837495206044,0,1,1,0
30.27610585618012,4.21046594818181,8.195250966028503,41.903517594955375,59.42418273085972,1,0,0,1
70.77307142274171,4.089369673667069,35.113203126081636,38.97673776348461,60.3150120122947,0,1,1,0
65.34286719238085,8.938611948680158,35.18327419806117,61.836779789189215,68.25324595377215,1,1,1,0
66.45035840204937,6.138865668679312,34.82313700184028,80.6266943528184,57.53591731290986,1,1,1,0
68.56351733429729,5.921633235798408,9.55184845526157,86.27136102463768,42.906236930266594,0,1,0,0
33.70223258670452,7.39823641346535,18.049573767239522,27.413406308263035,27.592269438054686,0,0,1,1
47.923286427213625,5.091269439325321,39.39958624563501,30.83800288184039,76.8581330913202,1,0,0,0
35.79345297625649,8.749805919751127,30.880499052399614,86.13153811481557,22.62724300031862,1,1,1,1
73.15517129377967,7.931725072077761,1.0866968490223927,71.55746598343548,69.23543061544142,0,0,1,1
61.1649063413779,4.4470550115612975,2.608183650419682,81.80956773808411,23.333282264932663,1,0,0,1
46.54490124263246,6.087903878924642,18.557255072493312,34.18428438947402,62.53301699544539,1,0,1,0
33.177917514301186,8.395591537810823,36.368808234462406,61.13101097765813,74.70782671290289,1,1,0,0
45.54911608578311,8.72366011145705,21.54807191810857,69.07977160922316,21.87138889065392,1,0,1,0
46.25916610133736,6.337007556249349,19.91250032137161,67.60783198128809,5.994330086130828,0,0,0,0
66.4803089169032,7.067056946053539,4.218947998265223,48.57061836066887,13.097374299417408,0,0,1,1
61.87787356776066,4.835169730460376,26.271204188971762,21.077642418391594,60.59969672710255,0,1,1,1
74.36063712881634,8.955843130684883,32.88412642400902,60.80482397629842,84.94464062257356,0,1,1,0
53.610746258097464,5.158358506917217,15.216800300302493,37.71710774257261,4.499682123542437,0,0,0,0
35.97971229691508,8.713658870675628,31.0244740370131,51.51779723000232,73.41512590416463,0,0,0,0
65.66223936114974,7.248233244961842,38.57906615603247,87.03067105586722,34.13186459500521,1,1,0,0
68.03925243084487,7.038683974394296,8.150658365107564,47.93247223497043,47.85283699195225,0,1,1,0
58.063859878474815,6.563442555082543,20.933185247789652,78.78611246650988,92.88595498455656,1,0,0,0
68.54835899772806,5.153349058588793,11.485518323383022,33.19784240244758,33.19715047358455,1,0,0,0
54.689779818219534,4.882640160027542,31.714176761353574,67.07223486175201,46.5336933939486,1,1,0,1
56.1366414690997,5.102431045350877,23.1037346352463,88.39048681072605,1.3682414760681105,0,1,0,1
51.37705091792748,4.932191310721272,25.38329670201215,27.132517061105574,8.159872000483837,1,0,0,1
31.27095633720476,7.897922367833766,31.916566384635765,20.58239595590344,25.859159113478402,0,1,0,1
35.39457134966522,5.7506262958336505,15.838818906498195,50.350795484283005,2.7852240821074403,1,0,0,0
31.57145928433671,4.289213382816982,36.60360273628173,26.483783813595704,63.1375326048251,1,0,0,0
61.82052056318902,8.845513150704058,21.3211546898456,72.3869044773362,42.63983568016225,0,0,0,0
45.717799053816336,8.41892942481713,6.31819291341392,84.01840646939912,54.814520272802206,1,1,0,0
55.42853455823514,8.638761415976065,27.8359647267521,50.38146808961312,17.464718589632955,1,0,1,0
75.37832369630465,8.974539113232176,31.730454017530178,38.10981495088087,29.593202943661613,1,0,1,1
42.464611457443745,4.869476246097436,12.670467082701066,50.40823233046268,66.38244748527251,1,1,0,0
50.519146151781484,5.981210094513294,34.28717027995012,70.64134724950007,96.53027236303998,0,1,1,1
67.77755692715243,7.791192378520456,36.24573019063065,20.63379131062597,5.04167736022092,1,0,1,0
41.43990827458112,7.480103090268961,11.076179495112356,61.2617792639288,89.03843208552661,1,0,0,1
33.84899549143965,4.769479531699275,39.34085890860888,62.930417942116534,57.68812013112085,0,1,0,0
44.4875726456884,8.079165624953088,5.628461121950337,64.63817728271549,56.39195667556237,1,1,0,1
38.06106436270022,5.122202859183304,8.0806267360996,36.941545598661406,50.027853520776034,1,1,1,0
76.48488261712865,5.119088074113115,7.368993569521045,69.98369063646888,6.9394085904183385,1,0,0,0
70.40601897822086,6.684872114467067,35.75958840031482,26.39740404322435,8.987685173616066,1,0,1,0
61.67018782552117,6.964699674208516,26.171702092998473,33.94892355267606,60.09120056590861,0,0,0,0
73.57302950938589,6.900431039189056,6.084171328890915,81.42290326581374,34.09585714355583,1,1,1,1
70.18360384495573,4.457434186988774,17.61293673473396,71.71062055085964,91.72680665776807,0,0,1,0
39.32850294430179,8.387304313151901,24.61192100279208,20.96218878079417,40.659053735947225,1,1,0,1
74.62794992449889,5.328000212943531,3.3385633995753317,37.386338225886014,14.328145870264109,1,0,0,0
56.96711209578254,4.647574606414021,35.29665473629355,35.00845380952152,71.4718833502036,1,1,1,1
70.37200775820313,8.443740399344886,32.14414141766141,38.956442962588085,29.335342144100984,0,0,1,0
74.80456499617466,8.778257491148768,20.20827094306553,37.32918391959205,52.54703073558932,1,0,0,0
45.90017374859319,8.310638086327252,38.685064610366815,24.3768407019992,69.783278550517,1,1,0,1
35.50259622638384,8.04758037362439,16.710439171003987,52.12583616177742,90.02641112020704,0,1,1,0
41.39675812709709,7.276209903195109,39.36441276145991,71.29134323503156,79.2191194801676,0,0,0,0
51.355389431312815,6.754286853045697,26.71679995214508,62.47122073022055,67.63610678727241,0,1,1,1
70.90073829612466,4.434933799557051,25.386850930157657,67.10101680186558,67.96331823951436,0,1,0,0
73.03652916281717,6.042266065353493,6.6381958118314,25.680442497536742,94.59246440320865,1,0,0,1
30.347606526559535,5.86344258506157,35.27711033218576,86.60434971237511,29.582409749653603,1,1,0,0
55.537365128878285,5.298768918801631,17.099587516824606,78.69442836901175,0.11120941961874076,1,0,1,1
50.87055015743895,7.6171005684429245,6.489336231299174,76.35632229469638,27.19545593981987,1,0,0,1
41.105390523536514,6.479378675393854,0.5043007990303616,77.60886635292373,21.7891379626744,0,1,1,1
35.99326836668414,4.40523107953824,22.3902273455353,85.2897355692933,66.18345851139982,1,1,0,1
46.8807585701814,5.1009160097490565,21.095984884907054,58.09777762795884,63.3711599765529,1,0,1,0
77.14548519562595,7.41629381829798,28.774144894766344,34.019741250733816,59.34613827047238,1,0,1,0
46.160146601037766,4.380654297451501,35.610322120712084,63.17485254967788,1.62434432094537,1,0,0,1
55.939531087168305,8.256034570243845,3.176263385721181,72.00170455675573,72.87780544506475,0,0,1,0
65.15094794475888,6.475732635069871,29.259859613614495,71.65421753478178,32.353041248549154,1,0,1,0
48.1814801189647,6.40293288663324,7.496477763903289,56.50143169168161,66.50559890066312,1,0,1,0
78.58910413604804,6.9620389232975874,34.327082126286555,24.792110353350463,55.65784285021533,1,1,1,1
78.12236474710556,8.123404829625745,32.76254055446624,45.97790569010895,34.27309254279072,0,1,0,0
42.58911479126821,5.739046039510965,21.631750199421774,84.45366259243501,13.457626710410775,0,1,0,0
54.86242529461927,7.390080762795318,28.40971194493246,60.91142368301982,9.441889766048096,1,0,0,1
45.04391549083849,6.828659819978956,12.574004527349935,57.68323602789994,83.15183331122236,1,1,1,0
44.24202471887338,5.335141350847106,18.846715957312586,38.81974600675355,91.8397542081558,1,0,1,1
31.84434736772664,8.39314993177579,32.865475908418865,45.79142439416052,64.97880467642996,0,0,0,1
60.47821669899484,7.98713010803464,18.370607886928557,82.67422624072185,10.343411486048337,1,1,0,1
55.13395116144308,7.292259173292127,14.311930613017672,66.6524133268785,40.20272168882407,1,0,1,0
32.57393756249947,8.252908645471209,19.768497890011997,75.11709187266331,72.89392001051573,1,0,0,0
43.93232321183057,8.336471004799012,33.12997009748874,51.80417961473586,77.9820884010068,0,0,0,1
75.41329429833269,7.541814883575174,13.40832189483491,64.11730536193105,11.82186222910886,1,0,1,1
41.978094533348624,8.18506664181836,6.950463725429752,37.386852612024526,0.003071884538241587,1,0,0,1
37.24474360456115,7.487357308346418,28.48056081323123,69.38225811984404,71.2137045880605,0,0,1,1
54.472638013878154,7.400703858801502,33.03912850832327,49.93209335923361,35.659617598620564,0,1,0,1
79.28252270553003,7.093056891075921,4.025499140941333,50.97818603703219,25.448133161826025,1,0,1,1
42.10276357557502,7.763583197788206,9.594964510237789,65.4525627203817,1.289746978952544,0,0,1,0
63.606777370293926,4.793025526465368,5.678879590439756,85.53964350282486,54.02994067614997,1,0,1,1
68.08098076643589,8.404353795994641,13.917656463286665,24.480444262603463,85.11507354259817,0,0,1,1
41.881877199619986,8.359217638726161,18.014039156216505,77.73202661429053,95.76316462725879,0,1,1,1
66.41081743059297,4.146236415172796,29.953053478532258,40.46681772885351,56.574495061328925,1,1,0,0
48.389156635962664,8.129083752823814,26.045903395266965,51.07436181544645,51.44613277398942,1,0,0,0
61.61529152967897,4.644349337367226,24.837142699137246,21.53393301425063,8.50563854892411,1,0,0,0
61.67648553804473,5.67559427129571,14.094997864386176,41.073225448401914,54.887280154259976,0,0,1,0
56.788734203737924,7.717541281458039,33.6579021233904,55.18418698410913,37.99790789653946,1,1,0,1
34.51448850272041,4.803799480241541,18.85148669592658,23.93232541432073,60.71352808835769,1,1,1,0
71.7651247794619,8.08983512059531,39.16419752060618,54.37670105682156,38.87263478765467,1,1,1,1
46.039003248586795,8.16067088978871,25.365685531829474,84.89774402008992,24.029912345036674,1,1,0,1
39.32592551999271,6.537338668804181,5.050589662580109,27.377525267546368,9.49652752283765,1,0,1,1
32.0387570777382,4.031929358584168,27.047102483017362,73.5108509652853,31.491844458889574,0,1,0,1
59.544647159412094,5.435190665874564,13.00416061726796,48.67697373631948,9.664483428775227,1,1,1,1
63.87821809211412,7.084634591878711,27.453087867443898,65.86216001670365,17.689695082398394,1,0,1,1
30.82939144639281,8.905930890137117,2.7856459264962297,38.21656185896606,98.73361585795459,0,0,0,0
55.60465291496405,7.159067635083342,6.9952574870383755,31.16445837789508,44.41035569066186,1,1,1,0
41.3247887598969,5.299017905320799,34.22949035623145,31.232382998985848,53.187176650501655,1,1,0,0
62.25863952047249,7.170028515498057,9.087182280940596,24.934436195020126,87.36185287372153,1,1,1,0
38.718321450249576,6.699926898579277,33.4816450097176,32.99526934308701,99.55689004906878,1,1,0,0
64.5468869051233,7.8992269757557185,11.171043538176416,66.49535694922778,58.27144493446815,1,0,1,1
49.33676731502687,4.534903194134792,25.715276402348305,81.71834282904555,81.24738210441717,0,0,0,0
76.83649943683673,7.80513951251014,27.766022940393242,76.98879799138132,32.694102433667524,0,1,0,0
36.87604720729966,6.7063328933805515,20.506190125802117,67.95940169121388,30.57439574472911,0,1,1,0
47.05331755251292,8.814960019294972,12.212427067869251,27.730230438777188,40.27037209945602,1,1,0,1
35.67367606202946,5.709360830193431,8.505775054843845,40.24312124071649,67.25072626736491,0,1,1,1
76.23468091392814,7.1631094656697405,1.3275741824970488,41.68648127257283,68.21916892550988,1,1,1,1
73.86696766904905,8.660140527550087,12.157856049628952,37.49698624783349,31.52394346494508,1,0,0,0
42.89708138575778,4.512548639953396,26.12651162125132,56.05039617968062,13.320992413662868,1,0,0,0
62.999202301708955,8.686142436182255,37.532192737939305,57.48876704157708,63.239625646550856,0,0,0,0
70.8611100100608,7.439428611504066,34.84817929052208,44.982018261977714,12.832586218876452,0,1,0,0
57.760040579973115,4.339185295525859,30.642591061412105,44.76524111155052,57.84925082293301,0,1,0,0
56.48252891780032,5.504817834734081,31.537893730131948,77.9988918534257,69.3422128056309,1,0,1,1
42.092614545022585,7.540860443226408,26.59939613903981,75.250499382378,70.06114963944516,0,0,0,0
34.65513839029496,4.336753007343859,10.41147430264012,41.54570821765219,75.34721106595967,1,1,1,1
74.86078789766634,6.910852300881366,36.28780122823319,83.96519107112815,87.28594215656645,0,0,0,0
75.02090285816652,5.729415284764784,26.829292476233363,86.69705119017543,49.995899196478845,0,1,0,1
61.65507286366339,7.104577588837385,22.4176252392176,42.87197794210286,73.02491895295712,1,1,0,1
46.951489552435035,4.228710169062564,4.439578768539243,44.80974641551384,61.91727353658367,1,0,1,1
47.46047873063304,8.357684030761881,17.882221752257017,55.394390739537116,18.663993979768257,0,0,0,1
66.29778394351197,8.867444845886984,18.41433084807705,85.87845687735715,2.568964486940817,0,0,1,0
74.85551299762886,8.844389276428458,34.582544380906796,81.34236031996181,28.454138567693377,0,1,1,0
74.35432121325587,7.748259158714624,21.865928807511537,27.179757380851285,44.30337063376194,1,1,1,0
68.99377729288119,4.65043120065316,15.216021958816386,47.49115202899914,61.71059444286563,1,0,0,1
62.10158230771439,7.791315979645113,39.07201314042637,58.73598328248403,84.99593305032053,0,1,1,0
34.206998249752445,4.1229345822940076,4.428823733052627,55.2192730786078,19.624571670616564,0,1,0,0
38.08143570473069,4.110617757644986,16.901937132477784,33.57041475558249,12.55497898984771,1,1,1,0
74.92770942635397,5.618051095747706,1.6809870068562116,80.11717398177083,96.34799474743275,0,0,0,0
60.321452982979494,6.443215952023329,29.596164830677214,67.3858548097786,10.80445593764071,1,1,1,1
30.459852580831484,7.852037089038966,36.72306208796603,78.65358623962625,47.84910701071892,1,0,0,1
35.073577143301605,7.4164768830325265,11.201493182019577,80.11349955446306,58.55637287933019,1,0,0,0
63.17508845540279,6.229513531883741,34.33366707196483,72.38490975660179,54.137442090743825,1,1,0,0
30.253079192310935,5.3681333314083295,11.68872921847591,50.74474208748021,8.603215703294321,1,0,1,0
38.04040257087493,8.985622500788555,36.43080646575661,62.73827285107972,5.702691400361937,1,1,1,1
57.436689468329305,6.130906511179864,30.158476143871358,31.225578428382022,10.548342746103568,0,0,0,1
64.59475988463467,6.256935121648377,32.19627107365754,67.15517922324354,58.55876838726125,1,0,1,1
62.59806297513003,4.8181191059583455,0.72026222401818,32.54772790174965,54.43448876343211,1,1,1,0
41.21346547302799,7.974047743749647,38.51241428296104,68.57647133571098,23.374079203674427,0,0,1,1
65.6089610673768,7.468411128907443,29.06683968281293,36.07187125277781,63.777414184559156,1,0,1,1
41.862454374840006,5.103848063943802,12.190043815445332,28.228591010515398,82.00675020556494,0,0,1,1
46.26998490796339,4.411905228079213,33.17578659435388,31.56991431000702,4.157895984659376,1,1,1,1
67.32457025590121,7.402496510373565,11.260847936597198,20.13944946533492,49.81299435480424,0,1,1,1
62.48164495236073,7.272556071405676,34.910153582645115,70.31177324974712,68.93104121026903,0,0,0,0
72.4611705247089,5.366297634991047,4.503215616477481,71.26807343408655,25.23119270696871,1,0,0,0
62.88064461501717,8.75431781125205,28.147439098431832,56.04533449392816,30.77709052931491,1,0,1,0
58.41543016677358,4.755289458904501,21.62793906579641,31.29539607387686,61.36379029893838,1,1,0,0
34.683738391404624,6.16167400521301,3.8613788078176325,25.848803625748282,89.7935293443737,1,1,0,1
48.38579015297168,8.718079600837994,9.67575313035356,21.33902765061009,80.99244203028994,0,0,0,0
43.26011838408627,6.098636584630611,0.4961614510925916,31.60237238756545,58.31302190995835,0,1,1,0
42.19948216895418,7.192629738320427,18.750718618580233,82.35988744882027,73.02217177572491,0,1,1,0
78.65052773762227,5.987971989813971,12.050610430400015,36.907578919117725,36.482247020779866,1,1,1,1
49.65488623333802,5.37107601174335,23.934299371910353,44.7989929052051,64.09655280987577,0,1,1,0
74.60232775885567,8.91988823979914,11.889512308344688,27.374183913693322,46.6181591127557,1,0,1,1
61.556931299863145,6.046670031575215,11.996764460279387,35.56529133237192,18.993613645756092,1,1,0,1
69.74056517708243,8.470496018395671,29.727727949264136,56.34571995461436,70.17382738772572,0,1,1,1
55.1318546552596,5.149773029455431,1.925713439134138,62.542687816695675,55.646463734882204,1,0,0,0
58.845194231317954,5.065523520125416,36.11579980767949,37.17466199163478,35.86215819535914,0,0,1,1
54.625884690943195,4.1556704144225565,34.09055497564726,24.041251145758203,91.13391900786307,1,1,0,0
39.76214938990223,7.258334126879426,26.71218732905626,47.37230083891791,2.0934117826733267,0,1,1,0
66.12260576307526,5.842631718618806,23.72886280429537,36.39423596484339,31.5773151249496,1,0,1,0
44.03861812204279,8.321791249198185,35.69209992558609,35.368774626086136,5.688139777764656,0,0,1,1
31.21579832157269,6.366049533457786,7.413207181148578,87.19039618994186,76.65273162216272,0,0,1,1
62.27361479535839,8.840967139573609,3.1587664876331445,63.14103401480068,70.21074541137926,1,1,1,0
38.85553397035245,4.927627578515605,9.580406796381524,58.98149102204671,33.13522187363171,1,1,1,1
77.02292921764572,8.343115839778054,31.783131148007612,49.104257246632535,67.5662902207073,0,0,0,1
77.69642885012937,7.882984263958709,1.386810669059333,50.0261033401101,39.593722619594985,1,1,1,1
75.74321951102243,7.85460922322026,23.312273403339585,57.863350268665656,75.62537914224343,1,0,0,0
48.50793501277222,8.22391614058444,39.817500647652395,68.75008649252752,45.41836627367061,1,1,1,1
30.77283082644337,7.8051199547149945,34.227843753501574,69.15022673272806,41.22797278316656,0,0,0,1
76.41592812938626,7.131101608157077,20.857827561743576,32.01857353938147,93.4729915488301,0,0,0,0
51.409207415865716,4.656224388411938,2.5456363714656938,55.00789264536389,25.087909989070024,1,1,0,1
78.33274095218349,4.16263089745626,33.25494057542839,48.837066652387136,12.044733999656543,1,1,0,0
78.18099885446264,8.604239239078435,23.95914032708842,80.93688763885689,58.45431132594582,0,1,0,1
72.650472773368,7.08325157260369,4.597319882382673,64.19932448528635,96.93218122841789,1,1,0,1
44.72244460347928,7.982686454880882,3.754291392934248,57.275284649118724,37.783921372718666,0,1,1,1
49.25488643009626,6.4076117575627505,36.3850727774637,28.077624952524218,6.203676362878152,1,1,0,1
72.55683357584284,4.586540944811972,26.768010517523138,62.3946522526388,33.93052673095674,1,0,1,1
45.84610025781389,4.625928961012752,33.17147197267022,28.20427339761634,50.593165431955846,1,1,1,1
38.474637334304624,7.427826436144857,35.15915601129069,43.60446028960264,16.19230066322137,0,0,0,0
57.840063122917506,6.1515294744973135,22.87089408193289,29.99893753700323,65.8102218056492,0,0,0,1
76.80773870803904,5.002623633501684,20.69785407020165,68.44515529170582,99.77493890102006,0,1,1,1
64.80148983374865,6.457972733707185,17.21709641283961,34.43764796853068,45.17394759814438,0,0,0,1
58.50305850446825,4.3210446853756705,12.677863511644771,47.43015612316182,35.472855673021265,1,0,0,0
34.85882468853843,6.909857009571994,17.38383843434847,82.6972344333145,40.070416683446666,1,1,0,0
60.750361334958484,5.344967022175489,30.955186229206255,34.30214683792792,11.514617839520113,0,1,0,0
79.50269250521316,7.987795503185941,24.07693724060526,55.54635447711454,88.32736014262238,1,1,0,1
37.0042007618262,5.551809794617869,35.70093159819385,49.349016281621545,41.4825655521352,1,0,0,1
55.91648261818683,6.276100745409006,17.73520057516751,21.26868287320108,38.72744114248413,0,1,0,0
73.86865359639776,4.058102699540504,24.28358314875016,75.4930679500969,65.96902729304743,1,1,1,0
67.03843088771022,4.362234438972794,25.25230212367955,24.83321344202198,44.203342093112354,1,1,0,0
64.8507870497634,5.962467782033424,23.66788649225302,53.19785146838675,64.8233468807846,0,1,1,1
65.12420419935546,6.399694173585617,28.10535092342065,59.2474806457265,6.144629013078751,1,0,1,0
47.97455756098776,7.000102740596518,9.497338734992251,63.989851963021096,81.37233437222274,1,1,1,1
44.679592213224666,5.458312893546516,20.494551101831625,68.20421405155129,94.05039528794026,1,0,1,1
70.46805777392568,7.474909430632713,4.168992112333907,37.72906684659006,64.8765386159386,0,1,0,1
70.50566973395904,8.300611985946023,15.380453105792501,20.698514366091455,95.45659288588108,0,0,1,0
73.35361592900519,7.899254944466749,19.506682744850576,70.64105636484385,15.143231436996329,1,0,1,1
75.66202762782356,4.198094126741786,26.0889703818189,57.495961954330504,47.74161894803537,1,0,1,0
55.56711994304689,6.4025347362891445,38.02124210344814,78.52823922450742,60.180673394544726,1,1,1,0
55.07581473435998,4.524650892090874,24.026042661934234,77.4971854030486,58.17366474211867,0,0,1,0
69.91475894833876,5.210225079312638,29.74375664706239,79.03283174515182,40.14617790890432,0,1,0,0
62.49819653888826,8.933312966335732,20.25064237980811,53.95662619856781,33.80844093662614,0,1,0,1
65.09834386288517,4.712477714507566,25.364161255053254,43.3539877085806,12.68240225504188,1,1,1,1
69.78963347180505,6.49444076725678,2.837288645350937,75.40907418139591,39.17424505622782,1,1,0,1
74.50026709087831,7.090778671590595,10.17566323367388,51.590587912047845,16.266081510548513,1,1,0,1
46.89975784257679,7.5123248527205195,14.474123728205548,32.840953748240416,73.43656764922184,1,0,1,0
48.779147631997205,6.798243417434571,18.899734200260543,79.8481813693032,20.883093549458998,1,1,1,0
34.69909699204345,4.048854237095918,1.8259498200953495,81.77919137406431,5.856530528453385,0,0,1,0
58.9140070498087,5.632306541219959,5.600963902132707,52.64168292981191,55.236613781723435,1,0,0,0
31.797113689837104,6.588558216923557,11.07257231165223,25.29898091168512,59.52297327194016,1,0,1,1
53.27990090662301,4.439332495724167,38.86130763604203,47.14782629418519,87.19130612805056,1,0,0,0
57.13223173537883,5.753134656045904,13.25388028412203,76.24763616238224,57.69816124176819,0,0,0,1
44.327062606414216,4.166015543956833,19.2816423244833,83.124181998236,34.54808537234457,1,0,0,0
59.541663028450536,4.3928924857751035,7.8439085095357175,34.24309197483171,80.30118815263205,0,0,1,0
31.52501249695247,5.98461638100798,24.431202843030732,24.688152841769007,54.027889318742105,0,1,0,0
31.867409437460722,4.6635787702153015,11.227328620638971,81.41453171929871,7.928028463119174,0,0,1,0
71.13002803298292,6.83770424130779,8.279703137537071,47.25834572852127,56.58505603132467,0,1,1,1
48.00953207056314,7.447324845686328,20.66290513783916,57.92326749872943,90.80185454216624,0,0,1,1
36.35302563259424,8.002933495545413,0.22023196641683285,87.76460684355312,39.631262549822054,1,0,1,1
56.11216300274022,5.00075122122405,0.3065613059690131,24.6595309539956,29.632580189980008,1,0,1,1
68.49967765493054,4.837412911295349,8.762752364074311,65.38226052164669,14.346945701802005,0,0,0,0
40.791051374842155,4.522839201672001,1.4688545000328457,25.187379580240695,15.144552193535732,0,1,0,0
61.14452379095002,7.182151247718183,4.321030165227655,46.28282499265502,43.27714843418189,0,1,0,1
34.2673732496884,7.532378632434506,13.554425973550064,76.26701816354128,59.56798241615295,1,1,0,1
32.58408605843039,4.15793072412821,32.103427183192515,50.34305629289441,8.061540516960175,1,0,0,0
56.567731578407404,8.68106123121845,22.88194573477203,89.80276477320653,93.95685890251657,0,0,1,0
57.031756080505325,4.259856418257362,20.506709038256655,59.134149946262156,75.51336174451959,1,0,1,1
61.87149507491033,6.706481676505352,11.739552928324866,42.48135068451674,58.66239182836627,1,1,0,1
66.30456668613309,7.545302597254582,37.270148777312656,35.40779281333272,82.84386709389908,0,0,0,1
78.79260397312673,8.354845618730428,15.880601649487666,44.53643740003133,8.01867568121133,0,1,0,0
55.81501741505977,7.570434660662139,3.4837106718308597,46.07732916316856,47.68388777331244,1,1,1,1
46.147823647062296,8.00864041534896,24.68266064471205,24.809957440677266,63.00931268616634,1,0,1,1
69.75930973843518,5.69725096271403,4.553535739064056,45.87019395987412,82.86529061182893,1,0,1,1
43.54161256310371,8.074125568732562,13.808925712067683,52.49669638174574,78.34695600492677,0,1,0,1
51.9485710352818,4.400574231923375,20.296477548712353,70.59164265671632,27.706924971339962,0,1,0,1
33.922819067113295,8.474083280302638,34.96890098740703,65.97106393051256,94.08801695592042,0,1,0,0
31.267537170772876,6.737961880768681,19.741863213604745,69.6135958660408,12.434584143087035,1,0,0,1
78.13242073389625,8.086488849812469,28.09035064126657,20.585457731379996,87.51336186211522,1,0,1,0
71.79900602561028,6.261591422591501,39.712673559962816,35.23671797063752,97.09402496046185,0,0,0,1
64.7987103046849,7.217888475982624,5.259564795919265,66.31790018798995,17.715352322262557,1,0,0,1
50.44764722071349,6.632013304680566,10.98926102078078,53.8792557725823,72.20660642037853,0,0,0,1
38.66471600354229,7.657947608776659,15.783043023905856,20.371943296784217,4.028551877799846,1,0,1,0
37.8218521335543,4.4081499101529475,16.873127141553255,76.31462497022756,40.542282513915495,0,1,1,0
42.512144908229764,4.301760419952819,16.44084301062183,74.09667013032362,51.6283299197674,1,1,0,0
57.46133323530603,5.235516170050732,36.3044401022622,58.38934140954939,58.064522590963406,1,1,1,1
65.72979613500311,4.797723400565942,28.561305778674257,24.65243280433905,93.59372482485595,0,0,1,1
63.009868835886564,8.358917832961009,24.31620856362815,73.65605346728093,67.22506872941946,0,1,1,0
43.99669484729714,5.096069936790221,12.374908714511283,60.859951141195474,48.1277951219237,0,0,1,0
77.7432640331597,8.879326279095658,32.95161536885179,74.73719840105714,80.96750362658894,0,0,1,1
66.89484583478843,5.684478958855534,38.202420459399555,72.62228946770884,95.05328209544089,0,1,0,0
57.717702625570034,4.9105895784434965,32.84793130200906,76.21014503704859,2.2066148682290843,1,0,0,1
60.58603731171761,7.948492535712395,0.06260420765891617,56.26056464832374,98.25212722560387,0,1,0,0
50.980003121389494,7.29353887750438,25.45605480733628,29.82271627354605,8.613213906368033,0,1,1,0
42.386549475057876,6.490978582265695,2.045415257684029,66.98102313657822,81.43867792687614,0,0,1,0
47.79863393256308,6.776817754688157,10.304288813348874,63.43316495363794,28.033475255141248,0,1,1,1
67.89230552321845,7.596008891361319,2.3809880139108675,71.9577231039361,13.217965775387174,0,1,1,1
30.719674431487793,5.142273706656494,24.15181811797551,31.89167042355147,43.98556397138349,1,1,0,0
35.80363202534581,8.98166958028371,27.46359653970427,33.648263993020244,64.39565794476135,0,1,0,1
32.30013210108764,8.873965810733916,4.579505522636205,82.32866620535299,38.0951845023475,0,0,0,1
32.03644011594851,7.251628431734685,15.35355532179918,72.49844589164496,5.456540828269896,0,1,0,1
72.77302920055035,4.997712254645726,18.249460358221683,83.57599420902261,59.94611396587166,1,1,0,1
65.18289296900119,7.401141212156457,14.762120870436664,73.11007248147445,90.24032761106747,1,1,0,0
53.70869145436626,4.360992044895879,4.841000019407722,61.80087141932113,38.32153659472517,0,0,1,1
34.89170803255007,4.15326251102903,16.757911607499018,65.78929159195116,21.633277763082702,0,1,1,1
54.58079375584162,5.288414442556069,30.047121912336724,82.2389546758007,44.25773459328154,1,0,0,0
53.67358853902829,6.313114783696582,2.8403065813302186,60.51647281583584,4.836271104878087,1,1,1,1
38.66009349550076,8.341362527041902,3.207200563276138,64.26739270298711,82.04875844802748,1,1,0,1
51.69258246189865,7.63584534883154,14.190851673439369,30.95337012025204,82.63408109501867,0,1,0,1
49.92523671986867,7.713532605999905,37.669028464757005,53.17448540812719,58.800046342962844,0,0,1,0
60.79250490261082,6.127466672240377,26.742905868916562,70.14779783706692,35.31028889383895,1,0,0,0
61.75468254338219,5.729674962734815,27.146798266902593,38.96598888214558,79.97833644457833,0,0,0,1
32.265200488602225,5.855193814923013,14.476799633514599,34.157792636717446,55.46870247883672,1,0,0,1
48.73063073132356,8.938247818680289,23.746431648341538,41.967876575709084,82.59323085500162,1,0,1,0
61.292995785711824,4.200545957062412,0.40524736110973514,36.90504395949834,63.14587925830206,1,0,1,0
55.15681292900439,8.335157480612242,25.443841856381688,35.04388459254771,78.44054732127972,0,1,1,0
72.82449205941612,6.893377042861967,36.53147790304947,49.739559000766086,59.856299321776,1,0,1,1
62.93468158094725,6.193077095947952,24.502938733792767,83.5486959718474,41.41410682156662,1,1,0,1
38.14672135407149,7.626288302075682,34.947943738653805,55.49417527171028,95.79458599261376,0,0,1,0
33.52843737002149,6.433344707123514,28.958922218643753,33.15442665707261,54.11138248788448,1,0,1,1
62.12096391031578,8.367116190408304,4.82233665614761,25.388016856661185,60.50895185405384,0,0,1,1
31.32556552708109,8.503509320056292,36.09813229143367,68.73093015965478,22.048763941474924,1,1,0,1
59.28877906367316,6.108604634367277,2.6577537742309953,46.79591351054715,62.565078942727645,0,0,1,1
77.01151207124788,5.384138986175258,21.35869890191055,77.52816626097515,57.160764948294386,1,0,1,1
58.77370889379395,6.961751642966811,5.685484951738307,66.16575380485392,18.483839794702494,1,1,0,1
49.4084963103261,8.561816728083455,0.4682644292361626,75.73690153789579,5.958709735314372,1,1,0,1
62.16441092211766,5.053310945028333,16.88137040510556,39.03622275929141,60.43593197147711,1,1,0,0
52.91264452457583,7.114832917817414,11.80162830616625,68.46512457227408,76.36922693503206,1,1,0,0
57.280839465796745,7.157801100462603,19.44001975190412,38.48433892856032,52.34013709220082,0,0,1,0
77.07324043882626,7.665565112076405,23.087995469382033,85.7347935615204,22.67726253196457,0,1,0,0
49.30513189003871,4.6578384256362995,1.7495628923578943,64.5461997073362,66.65219766930349,1,0,1,0
78.05952819119571,7.579124823410442,4.9201318049498255,42.71582601227395,8.010572660960225,1,0,1,0
75.26753209780318,8.545162603328205,22.345695858017013,38.865830360459086,44.183370480195464,1,1,1,0
39.78955673946482,4.898415544351209,13.72669412690633,33.36486095501505,16.33667583984202,0,0,1,0
33.46806504375827,5.187716624619388,29.16693950197792,68.62486712256094,18.445905105988338,0,1,1,0
35.038900068871335,8.856975470208198,26.091665943677587,35.31009290985491,20.229394915820365,1,0,0,1
30.911091282577488,4.904884763547448,33.82417451959627,61.67122861492423,38.67070570439779,0,1,1,1
34.72214803779642,8.271925466847897,27.69971306676901,38.52445188477502,5.115020562039763,1,1,1,0
64.15033867081785,6.461389282240174,17.197243095605927,66.3378261355708,39.77934409290982,1,1,1,1
33.55943242301145,5.236155372015885,26.918664895777297,77.04578099783774,51.170744711470086,1,1,0,1
45.948781514688065,8.353749506362558,11.01524697021674,74.46176702012572,48.329428496632524,0,1,1,0
72.24376554847274,6.2265262750133274,12.252539951128508,73.25959316515471,38.27841004030405,1,1,1,0
31.16359678679129,6.574086769648451,31.559406396831733,33.140568398457646,83.91466080707525,1,0,0,0
70.72342412944678,5.796166846998828,17.856780656063286,26.18694628891631,14.53266924205041,1,0,1,1
44.09273873866999,6.964754257174637,31.9352136207341,68.92641799411699,50.5696743781374,0,0,1,1
35.90824138108281,4.817619362925114,32.89689494673114,45.78430496560459,6.20414169565543,0,1,0,0
64.83685826820754,5.955407683258803,34.30249350645135,50.26423584823431,7.1155678877909745,0,0,1,1
61.4471423389942,8.847061611676438,36.66540943364829,22.180436495537375,57.38658496770963,1,1,1,1
73.87360067635265,5.2906671635056375,17.23940882053185,38.170351449253445,56.6018424887821,0,0,1,1
66.75355219019428,7.283683322706461,12.754672732845552,22.35734827121248,87.8033512844457,1,0,1,0
70.17404651924244,5.625950321123474,23.287949863764553,81.54300408208734,55.78736756600732,0,1,1,1
44.101728628565326,7.867365628433003,14.846896937505104,37.03776782529714,95.97910204048502,1,0,0,1
38.87197718898614,4.654368303591749,24.042966672009317,59.01360187011056,4.869484839992976,0,0,0,1
67.53073758204292,8.849105225392723,28.223434505752984,22.728552446279128,9.800768478074106,1,0,0,1
70.3417369633632,6.268947706918196,27.536200739685476,66.67931739139607,4.40658615703814,0,1,1,1
79.52525710003366,5.18025231673232,14.982115480804854,42.61191420278657,18.527685033354004,0,0,1,1
50.630883845571326,4.367483736650064,6.674408067950113,82.8543430870366,54.12701109416781,0,1,1,1
48.60090428963916,4.848789525437704,17.2211735384883,82.1682732253825,64.5572181427428,1,0,0,0
68.82064803709984,6.598869742780089,5.703765763276349,42.77034328532234,4.55851579486688,0,0,1,0
47.040177012650894,5.685015882156431,35.60388140735233,83.06726269833275,94.59708898455993,0,0,1,1
76.53786628017824,8.144416829413046,13.835098429514296,89.73103714491452,84.2165376650381,0,0,1,0
72.9206375921506,6.1544376183090295,6.178389888932951,77.77909648867637,29.661248215709314,0,1,0,1
51.44970136875092,5.24357136293815,1.017910396230035,79.14099434286604,7.718753022646796,1,0,0,1
67.54355338957487,7.085724933020151,25.832895451459372,37.430611527636295,16.98870732190573,0,1,1,1
67.72714370423412,7.533886084427229,25.47609269818973,60.36916792004294,12.694441375497266,1,1,1,0
35.15619344179663,4.835209539504749,13.624166663251668,24.707913977715748,12.328377929894685,1,0,1,1
75.12764533397834,4.838096081441588,2.8684755539060403,26.64425557751688,51.85616886657339,1,0,0,1
55.26261862239286,4.183357134667715,16.385155795809283,89.92248284233034,24.58474424934003,1,1,0,0
71.32287330538708,7.682010075328202,12.448699802535742,42.86474745981377,35.81397165291445,0,1,0,0
46.00248005153058,7.3190226381090255,27.084825589400374,72.37287384341926,98.95053333843225,1,0,1,1
74.77616142481003,6.373154378749069,24.231169978107616,76.46655371187715,68.43142489253448,1,0,0,0
49.46008393670816,8.220852244845986,14.5837491279016,80.06162897050604,94.89806670470014,1,0,1,0
30.541882574014917,8.028350764750266,8.715702170199604,89.83398081815096,14.255655503311559,1,0,1,1
75.26909882096318,6.926771821983761,39.52143864622367,36.90475396798075,38.21394748325693,0,0,0,1
34.56433383930668,8.341356402566294,18.160064847844595,22.82455788017898,55.47318032823543,0,1,1,1
45.965681879520744,5.029206050183841,27.53096943120948,48.78340625962102,7.675806188873802,1,0,0,0
77.50309835254025,4.55959809698864,5.622118703134431,29.105646888026286,0.41874436279578653,1,0,1,0
77.5303573468778,5.348748057584948,19.423587986375914,21.569812241343858,67.04343337969175,1,1,1,0
58.671894406164306,4.285434280446574,1.1014687947786195,45.229877899904025,64.18195168014353,0,0,0,1
61.59186060848997,6.65584764000516,20.218204716417997,74.86167757526655,41.07888099996118,0,0,1,0
52.42227609891599,8.683028461474807,38.560696284708094,59.63264838575496,48.96440760320326,0,1,1,0
44.66053858490323,4.196717703342548,15.368268519432009,41.894459244724786,41.54430005920896,0,0,1,1
46.4332272684958,4.610549570050134,1.5598405029964635,65.80394038449037,2.4005044844888856,0,1,1,1
63.62592280385192,6.260995141417176,1.2382316367737412,36.24127262161675,33.537160621746246,1,0,1,1
67.618726471884,8.669375087639525,15.51947039787478,21.00670122504595,17.708225539728982,0,0,1,0
69.57895218629243,5.580780524883752,6.400997458527762,73.50473705054992,9.842418910136875,0,0,1,1
69.48090713972769,6.536174043441962,0.9340838531274365,63.662015940480636,95.67204338893498,1,1,1,0
34.560305152434516,4.2078642952519605,30.248544558007072,73.3611837150672,59.935972504216565,0,1,0,0
54.72101523512907,4.741716004810444,18.340920355275628,22.725661168136593,72.86562842366027,0,1,0,1
32.877938000832216,8.933150614794235,11.569790878906181,78.59837394814565,31.53637432661175,0,1,1,1
57.47644411618678,8.825593482180228,36.00332732065923,63.36683400254123,39.31471294940152,1,0,1,1
52.07652506866885,4.024699904672048,4.645558408021024,59.43767454988481,23.692399389672346,0,1,0,1
74.38520913791498,8.759058927116195,38.23675315821277,63.72298336801721,9.696567096542474,1,1,1,1
47.54575062760394,7.195599689077502,12.558668695094113,80.51032728078549,17.90316374415838,1,1,0,0
35.853350821380296,8.33959147260011,35.53614689234725,61.08555545912349,79.75140452964858,0,0,0,0
37.149584102641796,6.273699278169295,24.11771505917846,60.66652659217255,67.75458051837758,0,0,0,0
68.07553158587362,6.577980142896251,33.0682943896595,89.3475409946036,54.69288759854769,0,1,1,1
60.91090316581305,6.444232901284601,39.360526528418575,72.97111169479976,47.508987286676806,0,1,1,0
35.05613380613951,7.334321287730521,11.536217512749829,50.96056638157947,92.24342836561244,1,0,1,1
34.20534030574987,4.698256273781564,38.44541941630372,69.51779000230493,7.273494777866841,0,1,0,1
65.048456572956,4.14986794936339,15.579275796096814,47.2461330184252,28.060081323791596,1,1,0,0
33.638150318209675,5.539649707955954,15.420476189476894,36.021282373844926,34.9937853570714,1,1,0,0
71.09300296451781,7.523403813683234,13.615484170180228,61.77963138214316,78.24258122127878,1,1,1,1
65.31211135782482,5.009267260614742,21.656304293903407,84.9727468679766,99.25146201619714,1,0,0,0
34.06743903209499,7.367162166624587,6.165801727139484,85.03976640108239,24.067051475715306,1,0,0,1
34.241885704259595,8.849560230536351,22.14845941432045,43.933369467384324,87.43073341370805,0,0,1,0
79.33197892505876,4.469503578947092,21.66819249640016,56.93742263551865,83.06227604317912,1,1,0,0
48.71353978780601,7.363010591125631,30.4760725041948,34.81451289989028,22.46573976417666,1,1,0,0
48.53210735334454,6.218751096522856,33.34599847750342,89.69417766492184,39.933258019922256,0,0,1,0
70.63997836287513,8.340711271887526,17.617654012496963,88.6782535507555,40.96728692925191,0,0,1,0
77.36242886919294,4.885748947236929,12.093329974059749,65.46562507952132,97.82206685265584,1,0,0,1
79.30005319114355,7.463129761130823,10.373395892683778,76.30898417742313,18.089190137889833,1,1,1,0
67.66890926294708,8.190576448240552,7.784953468194877,70.05701128985899,79.91579711047821,0,0,0,0
48.81297927654579,8.723071097370116,2.3059032879609953,61.52107533276278,33.419271417310995,1,1,1,0
34.17503583493344,7.416240141448229,13.697919153388533,23.73435978922284,73.08703457761604,0,1,0,1
68.85734579637185,6.485873820042137,10.80990768523133,51.833503978686274,42.001100429566286,0,0,1,1
57.92021248679025,7.089236201006069,38.65669543465629,67.23504115171875,57.835976311654,1,0,0,1
51.21110046234881,8.34452492239359,22.308353050001756,67.42721297185793,83.26117733261312,0,1,1,1
75.3177192547368,6.853048733194148,13.891081561220302,46.11858328956685,80.41655649838842,1,0,1,1
35.559874115307565,4.151935298484184,23.21870403974784,85.91843906606213,86.64231835397001,1,0,1,0
54.63125521454296,8.65474347753489,5.56786805382782,31.714992256574668,5.961732534465902,1,1,1,0
30.567682238370953,7.447633755157806,17.761749968088118,55.02516123508924,69.20505530397449,0,1,1,0
53.43303209970631,7.382566928886233,25.049372856842552,68.36187835855759,13.998737672176286,1,1,1,1
32.815163784091865,5.078375761988585,19.555913271698056,68.79950641242664,41.5818568018411,0,1,1,1
35.9408958134036,7.294427351163286,16.07115202617297,65.40472697381709,54.858841505468845,1,1,0,0
35.87631233885524,5.969322028270792,39.75393555598793,39.270174941630216,40.273948474683074,1,0,0,1
62.460515105803175,7.25616488520746,35.21259048595708,30.934459808063536,51.961167580300746,0,1,1,1
67.30224396327117,4.532965151539954,24.936238326377605,64.51582287786977,99.65263087986192,1,1,1,1
59.16843825485798,7.289226523015181,22.77509444729131,61.95114812976064,13.521731371285473,1,1,0,0
78.10862742372709,8.997068628853333,24.826419192983362,32.55492072024687,67.54560453364256,0,0,0,0
48.7435289761852,4.24106019430278,8.052484312897331,69.35974018993943,39.600096638561524,0,1,1,1
44.285604314093035,8.885870921106587,15.805509730572744,51.862039421355945,13.300979890732878,0,1,0,1
73.42995640947302,6.0345398036143525,1.5783813156359727,66.7432414122207,15.873676337430954,1,1,0,1
41.17979192597263,8.353767251686296,19.021841499473066,78.61569558391055,94.92731062456168,0,0,1,1
78.16112697203056,7.911927420291367,21.720983358306526,31.88099000038462,87.9601496711762,0,1,1,0
30.60772373449082,6.835081304933339,9.109989444128384,21.340140759778567,90.70419604150219,1,1,1,1
78.49394133538195,7.692246046256633,38.56115388662055,74.53718104770508,99.15327758273865,0,1,0,0
32.1579955975288,8.39257780650674,36.37818443748968,62.67881976068311,20.831539000851794,1,0,1,0
74.55715568490356,6.020701608255164,28.885729418236235,68.97476987354852,35.543933736406174,1,0,1,0
56.385055454314994,5.635165807816193,21.335465150614503,78.67084824920498,66.92190299248666,0,0,0,1
79.64823980596502,7.337966927817924,34.7987663859074,76.19676543771504,48.38025398606472,1,0,1,0
33.68982823676994,8.039229709706293,5.2260937529385165,87.26441028501773,41.83895333783335,0,1,0,0
57.69271422006604,7.811425673883079,31.6203917709954,57.51545551964828,35.781124933559305,0,1,0,1
78.46512678095495,7.989068244293172,4.992832558673932,54.194694286193375,59.37806319434522,0,0,0,1
56.15489220850744,6.177916574064665,31.768426501976215,48.132103992351105,57.5593428640082,0,0,0,1
61.46993190676312,8.089171080875108,11.030702730054278,30.75837299909432,16.14578340642401,1,1,0,0
64.78743444923086,4.601045276853042,35.083623240727555,60.08250630174157,47.173983751843906,1,1,0,1
52.72705323838866,6.722445489804247,37.761683753015916,39.39087670281852,55.347177620984986,0,0,1,0
61.377904004203174,4.028793302490608,5.951838776204625,84.49152585490829,57.02869387313905,0,0,1,0
59.21571559615501,5.622929149501351,18.50702420261574,60.82335629939683,21.01071929123518,1,0,1,1
75.05790052454944,5.83230767435699,39.23949512650741,61.49881263556771,74.22713922522868,0,0,0,0
32.272319017072896,5.980863458046277,19.336297438925865,44.844726261390704,2.5199094821069634,1,1,1,0
44.04815947961151,7.477336033449311,34.54190090058181,23.639254638439525,35.483185554316265,0,0,0,0
77.52057420382793,5.942790506351729,23.549260885252792,22.222063576109203,78.02126485356335,1,0,1,0
74.51318919454582,6.2434681131126535,15.013196316784075,49.63346009072383,56.389292105540235,1,1,0,1
52.782837639285646,5.187720654371637,11.431342221034807,25.91957646680665,26.116243251086026,1,1,1,0
61.00662989007684,5.8662589581467,8.12892364344349,62.479286887809735,69.49531193430477,0,1,0,1
43.86905914905663,5.136348136315757,30.47192765510789,81.66811039477602,56.73909441560734,0,1,1,0
39.40605798618807,4.365979618842218,15.461620272921115,81.80403715631056,79.62436094563871,0,1,0,0
53.18492024699911,7.01724296690689,20.451018488030044,66.13317870925627,73.50251861898234,0,0,1,1
47.667611401302636,7.341063992775082,19.693019200047278,34.78622820310517,61.01079220362347,0,0,0,0
59.1828055925436,7.097451730048073,23.09116116932525,80.40977819512105,48.8177675310814,1,0,1,0
33.88673184824924,6.317470219002862,34.62308582498209,82.02654047192456,13.31821256675234,1,1,1,0
78.71974038330833,5.8989289008961485,39.22957374333718,33.76575094670711,26.133301788538375,1,0,1,0
79.31053722398013,8.316668247859127,16.303368342952677,71.61982600394741,41.90994729170853,1,1,0,0
64.90808570098726,6.59540892568109,33.10075688425212,40.05636842489861,59.92992870063887,1,0,0,0
56.80481831720602,6.395909388148655,30.581111786188707,76.18482186470507,51.37078552153048,1,0,0,1
45.476380814316386,4.1282103290321785,22.941158058222932,89.80665299325219,28.818452595952948,1,1,0,1
70.68975098534743,5.7062391381307815,38.24188574447732,22.101820373057496,0.6464357789710551,0,1,0,1
64.23655862769397,5.900978093929285,8.018980621136112,82.81561060536524,49.623922190081394,1,0,1,0
38.130846967244565,5.994113904484502,4.3705684123848565,63.584137351906065,28.56259885622431,0,0,0,0
75.54635922469213,6.900861846136662,34.15847867821689,88.13678334153748,73.46083007105351,1,0,1,0
71.12686214615846,6.668012733634392,17.56599266534993,52.550666226849934,2.394626527048349,1,0,1,1
77.4899956645962,7.039525463967223,33.87875416828242,79.31715513999616,58.482781130579085,0,0,0,0
66.28597541941801,7.824416307710641,35.723608207816596,24.367584801879406,94.14742375060654,1,1,1,1
60.6707597967895,8.064928693580468,2.4983037447628575,43.4695335054807,17.440926711149952,0,1,0,0
50.912151814530944,7.590615381132472,35.33859051944243,24.6911576425847,47.16494907505954,1,1,0,0
76.63642416770065,8.777618479774674,17.932762214776886,88.27401934353493,9.142199181713817,0,1,0,0
73.30319447502042,4.091162913381808,20.41729956016929,77.18817350902857,62.56819122613526,1,0,1,1
32.26093350530947,4.978889928417731,25.063700443728408,79.67831948721793,55.05316805962256,0,0,0,0
31.3183487248626,4.0378143748907105,37.05530426920347,85.6575662003726,40.736552421283236,0,1,0,1
48.82316834390248,7.2373735707730145,0.7646437771905612,25.957244028384974,52.13770214737412,1,0,0,0
70.52766653909165,8.490152744749935,19.073738732712684,46.99183147593334,89.65746584690102,1,1,1,0
79.36380646574722,5.217411482881497,27.508881697222428,24.972442233080148,19.629430231106703,0,0,0,1
37.52084455517641,8.635172723981533,28.908278307929137,34.755517108502005,2.2564511705347234,1,0,1,0
59.70653576760675,4.301336951447804,27.70129726148432,36.055604392637065,86.16648846991009,0,0,1,0
49.04454283155108,8.67218013402757,5.377405176324874,52.83750477333051,57.71170823879065,1,1,0,0
78.49571989073016,5.7581134361981725,11.97582353486725,38.79935172175498,89.06584554618424,0,1,1,0
72.10594615678544,4.5071041422460825,14.34862101668054,27.068467477243274,59.69452234131726,1,1,1,1
71.91643523555689,6.429358795931629,32.1774883071802,31.72437623658754,81.01610899597024,0,1,0,1
53.434657989748516,5.28388283860254,11.150394896582121,30.309289448646364,42.967336335514794,1,0,0,0
50.74097511688326,5.424364509809614,8.428198554688127,88.11537585386088,74.98599312882688,0,0,0,0
43.670353596535314,5.536449824631433,38.29792076152385,73.15047548429315,91.3041466889856,0,0,1,1
32.81877483254635,8.015129489163318,0.354531404538756,87.74330256886934,57.21229637222063,1,0,0,0
73.23611881275266,6.695806383376272,39.91283422727913,50.7818340555536,18.078515056237954,1,1,1,1
70.64505045650388,5.556538495780018,27.072851954295825,39.48579371638596,26.879761503019818,0,0,1,0
79.98588366430653,7.051668916554592,33.13877197796468,75.88052380464308,19.86445768974058,0,0,1,1
79.83184185369527,7.580753371115968,11.784775853847727,42.837774262880274,24.685702759573292,0,0,1,1
57.771585280131376,5.363120003667669,0.5726111066823991,40.956836159374376,30.64154493510364,0,1,1,1
68.44937075902553,6.067745507626757,29.514780742461202,36.275419454548185,55.51337867531885,1,1,0,1
77.23828649412141,4.609430466684738,33.36578388002703,29.077528475696475,58.79916294638328,0,1,0,0
72.48236953387058,4.905746747673401,29.619045278140767,37.952414271173616,42.649974724186116,0,0,1,0
42.36740508715988,7.4055892698249135,5.714011492033544,44.87238239317214,61.54207798208354,0,1,1,1
52.52720676550467,4.907191738478135,30.13711689027876,67.17959457020113,8.157492561136593,1,0,0,1
36.45797075757475,6.625816918335301,30.756911284305637,24.37953895536161,8.778823705815997,0,0,0,1
77.70255136293612,7.545231308612164,26.341620626802197,34.73548577657401,17.182946035765845,1,0,1,1
60.308731722544,4.534384615473719,30.64463731182345,76.63165482041734,51.80774980403447,1,1,1,0
41.43214027517314,6.836561098144518,33.836857587109286,30.284534650863954,21.399467869831355,1,1,0,1
63.58503422029283,5.282813918506819,24.544164569498335,43.985160256576506,28.328440349257733,1,0,0,1
60.90641202289479,8.8146343761879,3.5441885587871624,80.52612453006981,40.03128361729941,1,0,1,1
47.90813590164203,6.4177282335996235,19.505112386688435,30.844771780040986,81.18661240103798,1,1,0,1
35.67787960998145,8.029962748875791,3.1059733868642025,25.791578493273292,1.3862135912860118,1,1,0,1
63.57865977963998,6.751132710781309,16.301721241297233,53.91765965560076,64.93788202366224,0,1,1,1
56.01538504518966,4.217062664274096,16.284259565025106,41.16936578949755,66.88765310406853,0,0,1,1
68.61591958678196,7.165756877970112,2.640393765609663,59.43858551386979,79.86557803566366,1,0,1,0
56.008175055599665,8.757016711033284,13.952821358779172,76.26634233384326,93.27529390603132,0,0,0,1
72.609075015927,7.008059100731656,4.4399239516525935,29.60039417069202,2.0137848949289827,0,1,1,1
57.595341938724275,8.09594429713395,32.329408400368884,60.64893591879995,15.378370551321618,1,1,0,1
58.04689857676931,8.42103231674204,37.90752103857883,55.38561322729048,88.6171294055993,0,1,1,0
73.83268013291726,5.140398859744662,2.8926590103175442,30.08551502092397,45.851856218701535,1,0,1,0
50.174143310619854,5.060224199541134,38.20460829166806,63.67989398702877,56.459063893346354,0,0,0,0
36.70076142253204,7.054904944254959,20.903063973469806,39.15482925025401,66.30272037231474,1,1,0,1
31.43913381566695,6.055142349033524,11.982627118154955,54.148402298080875,67.90666044956374,1,0,1,1
67.75686278368096,8.199306514333601,3.0744830110465404,25.75906269939433,93.17404033165082,0,1,1,1
61.01547756767323,8.500115616990055,20.02497072281671,52.170884004953614,99.69494174116697,0,0,0,0
65.20398840496118,5.7671068965135905,31.780621779629946,41.45244276299742,72.01574609309402,1,1,1,1
40.64820807544554,5.18435279487241,28.283459090667925,77.5666847829748,28.72212092051508,1,0,0,0
36.818573779338486,7.9026275762193094,2.0090404585589505,23.988510889815778,87.97524022943436,1,0,0,0
30.727233283394096,5.37403017774068,2.9160734147161405,49.3025092442831,4.922091454076161,0,1,1,0
47.52937794032985,8.113071592568392,16.114931305305483,52.09019968920066,23.10808528744962,0,1,0,0
59.49588434273166,6.118691268243814,11.811619761917731,70.7504253409383,89.73857174637149,0,1,0,0
49.61220225498661,7.337749496457352,9.295372922241913,60.20013025631477,25.619151443935493,0,1,0,1
51.873746101186455,4.477676569173341,11.240179956348545,66.70486360359267,22.065105962174847,1,1,1,1
75.20793472468742,7.119296623382866,32.139309731875386,74.39344999562293,13.812529314024724,1,0,0,0
47.412773351165015,6.258838393686146,37.16912214527416,80.35420815607321,85.91117576469165,1,1,1,1
55.69947445799054,6.933042315877371,16.204107781102657,41.971284770572936,50.00582591910867,1,1,1,1
69.18265063705715,4.840071038724317,36.244440085299885,57.661589375473206,67.48932030541548,0,1,1,0
49.827139116063506,7.68436872472091,12.85982804991528,78.807565490744,23.906638407502967,1,0,0,0
61.10433501139367,8.313985387716142,19.057479453751665,89.26157916755395,75.80404210112165,1,1,0,1
73.11818543733726,5.083699000453878,9.041159912639989,82.26635177306342,76.00055449620984,0,1,1,1
77.47603118288211,4.478572777600808,25.619041687033757,46.00270838370638,31.259802490830012,0,1,1,1
37.3536740464519,4.118192930231682,39.15924460699236,33.66165620530553,41.06826330102828,1,0,0,1
76.32938125807472,7.20985750221633,24.139723841735147,54.25747761846121,20.969027743020085,0,0,1,0
54.60581465397691,7.0354701804439035,14.312563364541955,71.91490162852295,97.65610233229043,1,1,1,1
42.91221941494792,6.73348706357035,25.912697839621135,54.47983495273083,64.56025770584117,0,0,0,0
52.95678781191307,5.159735480579878,4.916827138615503,53.82266043195679,93.45438807155155,0,1,1,0
79.00162876427385,5.954529979527573,35.546363210615944,78.67612947572604,30.338554362913317,1,0,0,1
54.63090469964348,6.972381675930865,20.123358031193455,45.298264534703044,78.18909129968897,0,1,0,1
46.43758051437541,6.483834294295847,17.97398968158568,80.1856272368152,76.5858643884742,1,0,1,1
61.67004271583629,8.938927601074436,23.43459153814077,48.47633606662065,69.16556518665415,0,1,0,0
42.00728093890965,4.682198762783665,24.991354511576098,42.976317397483754,96.56389752668004,0,1,0,0
33.7931664054332,7.475722770237969,2.871032249060521,51.77929378397893,39.355533610631554,0,0,0,0
36.44398609553246,6.021593840521461,27.304688848936095,73.37128710724079,13.07173235897573,0,1,1,0
36.40229194788862,6.140998074628074,9.677267212621183,28.820141950479602,67.17088592440608,0,1,1,1
37.595134675614716,7.587988828290881,28.55810530026359,33.749345111041215,72.93098004772062,1,1,1,0
36.94135863247051,7.462180756621848,32.90139177536787,86.60113779641644,57.506057345881466,0,1,0,0
62.04373724016073,8.956279968510941,32.15834030210081,32.284413916695016,20.681789313339628,1,0,0,1
39.09400421995724,4.641971447270626,22.100038696315565,59.74091225517382,50.445594166935535,0,1,1,0
47.28336416619316,4.520548246920832,20.806795692430047,60.55201266633565,31.21897365691294,1,0,1,0
74.8394204953006,7.621694085643705,5.715038453576469,54.27371234351713,42.746652816668906,0,0,0,1
53.69808201314362,6.891934585032045,31.013846016125424,65.1321674003773,64.52185758446639,1,0,1,0
63.37788692605136,5.37080333279903,10.856375217868575,36.08787080583329,74.52147426908346,1,0,1,0
38.61599356008149,4.397096844944933,19.867816912717863,58.68635874437238,23.22246909013431,0,1,1,0
39.61445094043354,4.428291247982153,11.370963717100668,46.0521278672828,40.532536064695336,0,1,1,0
32.043430813323944,8.470954373320591,5.353134519987726,66.31670817404324,26.91615709916292,0,0,1,1
38.44675315360823,4.959336623593715,25.182307875669462,29.885648036120465,19.86316138618691,1,1,0,0
43.92951695159793,5.616857810577604,2.173281392916153,59.961419178763336,78.33872199958384,1,0,1,1
38.85052421383734,5.1332820111349395,29.945809365048,32.96892487683266,90.92526944369924,0,1,1,0
34.43512668785278,5.774981529159687,12.703471810444666,39.505014418052546,37.02321856845767,0,1,0,1
36.03179355503004,4.347119213730467,0.005387720179412803,35.30968602265082,75.12789243737669,1,1,0,1
53.03893840163629,6.595298954541352,20.44516556948919,32.7986445908172,89.69952893644111,1,0,0,1
40.31668592028963,4.338062817961075,1.874076341104125,77.79976660924669,84.61242105302316,0,0,0,0
48.21349305240378,8.001782539111808,11.04678231283598,39.999529736262325,18.28133885392259,1,1,1,0
55.17086354274284,5.168560409552165,28.279059498228648,84.89866473051146,95.62918815133614,0,0,1,0
64.51974143146826,6.700059573022553,2.5075848648746346,87.89485677416336,37.66764404294625,0,0,1,1
31.965606992054948,8.40039543780729,33.5735396942401,59.988232895596816,33.92406611738363,0,1,1,0
69.97051994545214,7.25438684523597,0.15279690634332432,30.010078586600848,6.2431327277780335,1,0,0,0
61.39501947454539,6.664788932756677,9.87295476807609,46.218377036570686,48.6173654104883,1,1,0,0
34.08795159744359,5.621668765576878,29.636162246082858,75.84125843437498,10.90136156409287,1,1,1,0
73.67893120533887,5.6650095652909895,12.650805989172271,45.717351008794935,24.853982092742598,1,1,1,1
76.04362002659066,7.34743477599095,4.075695522640541,26.09120528119521,31.694262176728138,0,0,1,1
33.05389799274319,8.970696806105838,14.409356752017114,58.974943764973155,80.8826323491684,1,1,1,0
43.843882407360184,7.309195949246893,10.815731455381021,79.15845960472242,87.54886503958966,0,1,0,0
70.31006398965306,6.788917086850125,33.708476086422195,75.71484710004518,30.246631746146967,0,0,1,0
67.41298451918291,7.65325255119623,12.533916703405726,32.258619809124724,85.86981212445738,0,0,0,1
39.226050967818864,6.32602806141859,31.557298871040288,67.09352300887267,85.72309373697911,1,0,0,0
40.467466166835514,4.300711713003926,35.67488579242939,35.4352984404953,76.46509503848735,0,0,0,1
48.5236051395691,6.811484079389549,17.35269678306118,35.274527418652056,14.669511401518154,0,1,0,1
54.226149259551065,8.7881264225269,36.39772575417568,81.18502413136295,69.0322846900729,1,0,1,0
60.9127385765148,4.876514711788298,15.092722158527714,37.476826691816115,94.50240645805688,0,0,1,0
48.44568197848862,7.450024454103328,38.563136659604325,38.427314256260786,68.2540478767157,1,0,1,0
53.12673580665739,5.004668443295282,3.571580981022917,20.045737353290967,33.16168491078339,1,0,1,1
67.37354690668784,6.679138422365407,27.48077066012971,80.94683238878623,50.05793174308313,1,1,0,1
31.834160144529896,4.483382248233598,19.75256161827715,75.48163692463943,64.57250433510536,0,0,0,0
42.62184721720104,6.251854681290926,15.505952218225882,63.91302545634746,51.05704087285036,1,1,0,1
65.66747929422762,7.78081664447623,25.308475149944037,72.51860347571895,11.995294173096982,1,0,1,0
74.76034188435997,5.737857621194911,28.15428366537325,30.643399719714424,31.206404465202063,1,1,0,0
55.58387210578331,7.32455862243609,0.1745307860123635,52.08265162113028,80.23960305536325,1,1,0,1
56.60567426326578,7.977249803948646,6.678123549887949,44.58535711441466,86.14180460955174,0,0,0,1
35.358600566988805,8.635889097397264,28.52184202537275,26.564356837991156,13.730003271557024,1,1,0,1
52.37061834117273,5.173210409277267,26.655416543128258,54.029133965044686,95.23867523987246,0,0,1,1
56.63086332275115,5.996579579046541,38.64190020514709,84.45177552398448,32.88226178486093,1,1,0,0
42.12352518173648,4.7620800666520875,30.44151161003132,22.804138333548615,66.231373873072,0,1,0,0
43.46216154746905,8.962417510791877,38.03090830925352,40.402263944565576,75.18251459566811,1,1,1,0
48.86420815523113,8.635004839621477,28.10162006139228,34.52786553439924,81.19462346378835,0,0,1,1
31.00355988888632,6.699785651402798,11.922088345577727,36.67026575659874,94.57497022259301,1,1,1,0
46.10395827915892,8.210166471882106,4.214596890034259,83.59041863155628,31.29195480288226,0,0,0,1
40.572400349827234,6.60478988636021,31.272954533797424,52.76483379640031,85.85064545515544,0,1,0,1
46.374867608895734,7.117928440013799,25.765968859036636,52.640958905787315,13.168690343620703,0,1,0,1
35.98810659096256,4.445622160580083,1.9274404957318492,73.24029497186976,70.50409063535928,1,1,0,0
74.52636403699475,7.77635210248404,14.402018636039134,30.814454280344805,74.19777295139859,0,1,1,1
59.67962267770243,4.638567418176174,38.271992619371446,54.108574787003555,67.77232412013204,0,1,0,1
63.95511595722448,8.130338151262642,20.01604582840805,50.09896498847418,25.2314736135153,0,1,0,1
69.45856193036691,7.910140438351929,17.309165440788185,61.78374833826593,87.30431470152034,0,0,1,1
54.92210994645286,7.543723488714882,18.30798420637176,89.9690392275307,16.8858463370395,1,0,1,1
34.34601440437118,4.180801902623811,8.35530896020655,73.8614225857433,5.363479152083084,0,0,1,1
56.85532709092739,5.515641779726643,14.74828683459181,47.8505992112199,71.74649906119122,0,1,0,1
59.342055901043956,5.315562849554214,14.792530239487064,77.92871365918329,47.54757152327337,0,0,0,1
67.2719737092165,5.800682037357595,2.094200807498896,31.949585431873615,84.90980199586761,1,1,0,1
51.58297731148397,4.438213733819193,30.70270514071673,22.13245804162721,38.3397141058259,0,0,0,1
36.37901513977819,8.684789115155315,16.66017727615516,34.31138607249911,16.827858850771282,0,0,0,1
44.18879528993622,6.769011203561881,32.887195472656934,43.828808927998175,83.64421924698698,0,1,1,1
48.154114819931756,5.527621553290118,34.01392004479582,55.74065302216919,54.89096316400717,0,1,1,0
62.295862066580064,5.984907585371417,8.479762187946323,63.05903983788399,18.91957923903549,1,0,0,0
58.53891523344559,6.236012702524178,26.29413928680514,83.74240020500952,72.03839985864458,0,0,0,1
47.80483629489231,7.002971666803086,18.89127216651927,55.68978066853204,51.111363848950056,0,0,0,1
79.32576243964898,6.578397138482488,35.2062695168594,55.08929512380106,60.431298224031984,1,0,0,1
60.28874096784436,8.596959866072087,8.629627167058164,23.51701068760875,46.089833820658185,1,1,0,0
41.86133958679972,6.484817414529151,27.112528012401768,22.443808685935668,82.87089838180064,1,0,1,0
35.089123631020186,8.960790074116563,24.310084890108904,58.58119733414605,82.95627156830498,0,1,1,0
37.642956959216605,8.257124788725479,11.812059102873311,50.672502927384116,70.93888218243862,1,1,1,1
42.29788641922541,5.042552571786679,5.4640361460469045,78.7426276486209,10.540137739646227,0,0,0,1
38.03406866297779,8.65297607321958,26.065590419091063,31.247570929829163,83.88538619040689,1,1,0,1
39.32835120256529,4.58183198942738,29.543898325293227,21.74801634819347,67.10129805329098,0,0,1,1
44.254758434692356,8.087248542455958,12.625093750533999,51.43271375510881,69.70241660042996,1,1,1,0
38.66867976473774,5.9031164673829,25.793304160892554,36.62349897265803,36.298284040387166,0,1,0,1
74.83827123132126,8.389871602225348,15.80523630446013,23.47300613371862,87.92795561570067,1,0,1,0
34.01168728308211,8.340283450537251,28.52827533130471,70.72188007933403,72.53716002348575,0,1,1,0
56.22556947851273,8.029627000588107,7.968610995762124,27.811509997007324,11.259046652919446,0,1,0,1
50.51984134948307,7.950152181535307,35.608600105446975,62.582365000544016,40.77780344061627,0,0,1,0
79.11893084543033,5.523395695490204,11.49638385862319,39.67348251168224,88.63803619601417,0,1,1,0
35.60194510840262,4.404596415256261,14.711439510246116,32.14472352485154,4.719670169737899,0,1,1,0
49.892779952287086,6.014900893825807,2.3236780832139914,46.58260660435222,96.14166196420496,0,0,0,0
78.47352166376845,4.867622574932543,4.460488492851056,76.10120433560675,67.91625683195628,0,0,1,1
73.27535629469901,7.474755444512309,20.634476108493125,47.44655038332009,63.13759776433766,0,1,1,1
70.85360354746399,5.730498632688928,10.70370706911886,72.5538754447739,27.05592564879914,1,1,1,0
42.895141352246995,8.878051004299575,33.41920902968778,28.784040775940547,24.879178873917706,0,1,0,1
38.54437936950329,7.20486038672666,0.5877355461981537,74.09399937655553,94.20582194885955,0,0,0,0
63.43216099622155,8.112402818171805,15.163761946877447,36.5853327434654,29.827245423412275,1,1,1,1
76.46879945637929,4.662623363709242,13.493821870763707,67.4175190922211,77.55052967189994,0,1,0,1
57.83814465069649,8.310072411363112,0.7731052367040414,59.60470883886975,39.31217982070792,1,1,1,1
58.580634473494996,8.613785952566971,4.974735960020409,85.04013020481811,13.925407078470398,0,1,0,1
43.998954683014205,6.435309594094679,16.54570699674541,47.112576258271986,1.071529769535895,1,1,0,1
68.47464665959684,7.031264688754887,19.714583377897867,24.631563218410832,54.42573370152508,1,1,1,0
39.35218742787617,7.824049004514977,16.171589890194763,21.340883988587702,97.57788185489326,0,0,1,1
46.18396182021218,4.874193136302063,21.237507136483753,77.88009926809272,36.91361938092045,1,0,1,0
51.271821930820835,6.512830382317212,23.80526699622726,56.731494636300255,35.719233399304485,0,1,0,0
55.38051893422275,5.993315138861566,0.3969528451134252,74.26708362844644,34.40916178494421,0,1,1,1
42.12048662075401,4.731869960811245,18.563806378140157,36.40979200080603,52.054383730485846,0,0,0,0
35.74184123696018,5.837672111457657,38.53996963550353,44.15586218592636,44.06648834242935,0,0,0,1
60.53100212208163,4.340861546927468,20.761291205181948,22.107271054792324,87.99146267270145,1,0,1,0
44.43152766201279,4.129059534747435,27.101690698358126,87.30446272018786,50.55207917234903,0,1,0,0
59.06191107113061,4.675831445774114,12.474554316675327,66.75075346905695,50.77578381885688,1,1,1,1
37.718135763710116,8.81557555794587,30.9596551261105,85.32435614315143,13.83715947205566,1,1,0,1
54.05700509274087,6.747647679475085,30.916859275044605,38.58474852003506,98.27395409103859,0,1,1,1
56.62947162757929,8.8291108057661,20.851841906165557,62.80245278579626,24.99728908688297,0,0,0,1
32.591176841121346,6.162489391650659,39.04055293116854,67.49499778048465,7.336406745960266,0,0,0,0
46.83021390969603,5.559080665426298,5.022008590506135,42.228479018031194,66.31462489752089,0,0,1,1
36.72073384694871,6.5307093142012205,0.6779065955832397,79.3676464510941,59.53663701568727,1,0,0,0
33.168748523638385,6.197558443164551,30.806328470283837,86.30130240301735,41.514565399274574,0,1,1,0
79.49801161949726,4.52832342130872,32.2862214945953,81.9398582387203,42.2192233880678,1,1,0,0
46.11769224873615,7.204131573451031,4.80828916482305,71.73468831575607,78.50639210464311,0,0,0,0
70.49372229273175,5.080190912547998,10.623313318344243,39.42252758074678,19.571264009964906,0,0,0,0
42.732032738188195,7.097939774489148,0.7020945346651564,39.713122947394226,82.02533189448897,0,0,1,0
64.07513611119646,7.251005461990767,11.732344431222588,87.43522243122266,64.87471138950181,0,0,1,1
68.01139299448432,4.76012426564324,30.92567495674686,20.71991471549844,41.89697737795244,1,0,1,0
59.781937030392214,4.306748135553341,20.718421108503158,70.12349812695011,45.80286165838686,1,1,1,0
53.57880942750792,7.903807930342199,13.923823726731523,69.43723137886835,25.66472071860958,0,1,1,0
50.592045707363425,6.299002118846601,14.869571796253211,63.58826786648582,75.21143326969748,1,0,0,1
47.44341332714977,4.290818977527379,0.054145028618726165,89.3076192260806,51.287474230526776,1,0,0,1
76.4764572123913,8.974331585848836,11.992021102609435,41.831560503460764,32.08545427498436,0,0,1,0
71.53097038938645,4.288902804981833,25.85834966551722,43.798030465527376,59.60501157609502,0,1,0,1
78.25134553332563,7.475176144292766,38.967777752654285,25.52575820625889,99.5734452051323,1,1,0,0
36.21486117427724,8.918394626317067,33.88243307935598,50.99586955806162,43.52622796565539,1,1,0,1
66.54337376018222,5.195900521079628,0.943798585821165,38.27339683643937,92.06914007786196,1,0,0,0
76.91702284105189,4.711246843435981,35.94242418699358,44.037069152435095,34.50168399245661,1,1,1,1
39.061653308283006,4.606924697112144,31.32793653194504,78.42002531789393,5.4732706924985886,0,0,0,1
33.32481336833887,5.516375737837977,31.215044942839217,85.4839159469247,20.424210636842886,0,1,1,1
67.05603246450295,4.505229055053233,18.31983036014286,33.001315040363,41.86951433276842,1,1,1,0
58.7236556589956,7.46080670847066,15.920211718180113,46.07562520874261,21.963492859456903,0,1,0,0
72.0914388379136,4.311458990650314,12.116629153327704,85.00413934807759,0.02270382182555375,1,0,1,0
36.988618831314476,6.547110640748949,2.627794358174631,24.326592248245582,91.50015377475272,1,0,0,1
69.76336559299452,8.983484269264885,9.129414539747964,26.465236967796496,84.3879411230929,0,1,0,1
40.08136600238723,8.069851347530093,9.864145399120986,31.395369244436054,74.22922314869471,1,0,0,0
38.18279714328523,7.076097191155054,19.363082788408065,61.664898388881234,16.781459564602862,1,0,1,1
38.21328989654965,5.5312681039330585,29.897776263867758,30.533058970419823,12.036357620998606,0,0,1,0
70.72873601156911,7.119479181458193,18.952393135917866,87.76534670155135,6.760474947238315,0,0,1,0
63.25986103481001,6.635207319558258,2.3137779778864243,51.27001690809642,72.40291887729212,1,0,0,0
56.153271238455964,6.130416919451857,38.31159203952816,55.106257224511644,92.88079606878853,1,0,0,0
47.941524206175124,4.653551883700997,37.70897276376449,37.26610310637845,43.053582091303696,0,0,0,1
73.86002704065541,8.433021076202333,31.407581725936335,52.967217670431346,11.914067199604816,1,1,1,1
49.62225537113177,6.248923244106613,39.65311606256882,66.33395428459082,51.23928207321066,1,0,0,1
70.82997197357886,4.973112559103825,21.779293312010516,72.582399586783,34.88319074586301,0,0,0,0
51.95674542851092,5.838796754386448,38.510734010128246,72.77076578969391,37.48249243499977,0,1,1,1
48.847221471245376,6.070648762644636,3.024201624670031,60.452377888586184,62.13306241557073,0,1,1,0
53.13398928348032,8.137689477834371,14.627229930454853,83.30518424957,71.87181132622024,0,1,1,0
45.068893708207106,7.668071902807011,9.015250720270632,77.21854931142767,11.060359887316086,0,1,0,0
67.38046900881255,7.846524468206699,7.833323365370801,72.99336802890377,3.5590230806476386,0,0,0,0
55.13601950462396,4.055156322143236,5.632117955707043,23.892386517632243,99.43303026857149,1,1,0,0
41.61063475734086,6.0807699908988075,24.896545662639866,20.48145735537545,23.272834891555185,1,1,1,0
74.97872866372842,6.406720758176618,31.252874229892203,34.87130940368311,5.383052490845907,0,0,1,1
49.19456106866057,4.0959613841152835,23.131935976814425,66.44665157394166,18.987532909591998,0,0,1,1
57.177643055699434,5.299066043725171,5.878508383528387,48.783824221778204,3.895784634846422,1,0,1,1
75.32360554822735,7.801449115610675,32.444950797338834,48.16843815095182,39.181089461717164,1,1,0,1
61.21189979569961,4.685548528644995,25.43818828654914,81.92108217607296,80.24017844513243,1,0,0,0
35.8449020354182,6.6765506572629585,15.52662824507982,82.68939936922871,34.124444975772064,0,1,0,0
76.99160618067376,5.0760093600861875,26.96521182144252,83.642268483751,44.418340687836654,0,0,0,1
61.38540265357089,4.060603873219466,10.396199169713313,41.97146535605191,67.55867735674389,1,0,0,1
46.745280732854305,5.206007287997707,13.80768833976842,68.37390689174832,50.889407006988016,0,1,0,1
36.96360363316936,8.879368774550269,36.69943372527961,39.014322689205876,86.14456860213242,0,0,0,1
69.7012594635148,8.007685559414949,11.620180226856816,33.34268831521148,86.60356750457565,0,0,0,1
61.00363779642568,8.797883221605167,18.799530726317464,32.92427201431585,0.9910695491153643,1,0,1,1
56.67305459881608,6.439270219631812,35.605645495840584,43.94753346045158,77.80463064831991,1,0,1,1
74.69462915254789,4.548680993387517,28.308854010701097,50.09703338458752,46.073360024167386,0,0,0,1
69.42986056122655,6.739797444868465,2.48812904658811,78.16644197385479,98.88405413036631,0,1,1,0
37.58374398663756,6.271886672799805,5.892121771158814,28.392376543089846,48.323207587543514,0,1,0,0
45.58610338977741,8.221785413698079,0.3136636308766727,71.4448093176426,98.68959453882975,0,0,0,0
42.424456990723286,4.490412903921223,25.236871609166535,57.20184399325137,75.45693612057366,0,1,1,0
67.19731462863385,6.441205685108891,17.906937016416734,40.15617398731948,24.860488461330633,1,1,0,1
31.67662173678897,4.750243323469921,5.370994036091021,54.49737091729772,53.83949792869577,0,1,0,0
58.49448424356582,5.6233796344503,38.31736484227082,40.995944884391584,99.21356394785828,0,0,0,1
68.12293428703452,7.686785386938999,21.186388957824796,61.725736866681416,85.75306077519237,0,0,0,0
73.83828183808748,6.380090646843833,9.675731764515568,50.36907459986709,9.73668937912211,1,0,0,1
47.10408743579538,5.879441425728847,20.0241428461883,31.508387035521512,70.6371996809996,1,1,0,1
71.06286523360063,5.972381392850177,27.184813309404312,28.16081521889877,34.5579585870813,0,1,0,0
35.53158684776036,6.297233842029933,3.049568718942579,58.26869774504911,0.6982261880348117,1,0,1,0
72.3226145867259,7.925082719185284,10.98815260191568,83.16891233002724,40.34809690269996,1,0,1,1
36.37443311659912,8.460423444701172,32.278619635359746,44.07703805903799,23.47544217249713,1,1,0,1
49.86436452801836,8.77667343251964,18.38659481610645,71.31000750558363,81.88692705204716,1,1,1,1
69.86476828897767,7.934516931276475,21.863085681291796,66.10629484578368,33.733060884576545,1,0,0,0
37.49587136743869,5.577034478740064,17.31264008837877,85.20884400166366,82.7523693953817,1,1,0,0
41.462569761632075,7.4406735304327105,1.7559977057202047,77.46867121093986,0.05979388347953085,0,1,0,1
66.1126284196533,6.18801562027696,6.629991192806237,59.66236812338241,30.781915002611914,1,1,0,0
66.00182682730372,5.273353110230255,17.821665549675636,65.99213487638751,24.116521430776196,1,1,1,1
62.057381644264865,8.204357897129613,8.367418616317114,82.88705266088243,23.3567361068611,0,1,1,0
64.697422223355,4.192131744811625,1.9991611463871495,47.966314921085434,6.81866197654627,0,1,1,0
57.13622216737981,8.508809960677118,33.74598656207295,42.87562941004441,18.712427041050173,0,1,1,0
42.58995294534763,6.30738732312367,39.24770116656463,20.756775854463744,55.55495698856199,0,0,0,0
47.28479967519597,7.186007384041402,31.725714959869578,77.85857519340249,29.13610728377445,1,0,1,0
39.079885840071285,7.296769611028914,34.15139686818668,76.06864902823554,41.73947823291479,1,1,0,1
75.42252806668142,8.475588703532683,9.679085212681816,27.3118162670106,37.68668803471885,1,1,0,1
59.16958973830602,7.183348410836037,38.42507902052799,60.380016679289014,87.59049249998945,1,1,1,0
50.042570838181994,7.069667923800309,7.877028178137135,52.47871887168212,90.52989990105155,0,0,0,1
53.100290182206635,4.33326020280345,38.05719241447329,28.309636685637802,49.295697165586006,1,0,1,1
77.36416698059077,6.59204010972602,39.79277175863804,88.63977589425065,33.01559503156044,1,1,1,0
37.66757015580401,4.750845004085209,28.468912229841948,35.02871212243488,10.680070400236364,0,0,1,1
59.31149160083986,7.687168843607428,39.24574927167288,24.70639260633928,95.3402879382095,1,1,1,0
55.2944339442233,6.561109604063372,22.781591182684146,61.63931656513367,6.022694490029745,1,1,1,1
60.572711771732386,7.401138896041767,10.381671327043613,71.72066739931228,29.765027756828044,1,1,0,1
30.905509191042025,4.208364503011921,17.479835426624835,22.271041223303087,29.806620117000413,1,1,1,1
73.60619544720757,4.423960080229016,23.74243741515144,66.11023471089155,32.04012861402149,0,1,1,1
76.60591412418063,7.5816169403134115,2.9232624810805996,57.26043131660181,16.428684327240926,0,1,0,1
58.25665917946044,4.360421679993367,24.893730584689845,27.22855062125339,78.31614309236971,0,1,1,1
64.8325411938446,4.356283638826293,39.24711347049178,32.076671386245344,12.249786196598922,0,0,1,1
76.12496905886479,4.060542376174437,7.604305991349105,59.75820081212564,63.49066591531628,0,1,0,0
65.36193171566993,8.7825069914974,31.703804651535332,40.74503294593019,12.384602670581746,1,0,0,0
37.62695214571307,7.687541797295035,36.31595175118478,85.68210100559213,7.053563759295656,1,1,1,0
58.81441800834066,5.766257042510321,37.74806371280883,77.31181606388355,90.94295036858765,0,1,0,0
60.3357523191428,5.482677906438276,38.40542417621789,88.84970445595641,19.01287663187057,0,0,1,1
51.2065335651193,5.748516148729248,20.858385548858877,38.17695872652898,82.12501545597043,0,0,0,1
66.82221178123615,7.873267655905909,39.09231631966015,87.88065429585839,54.46308711071358,1,1,1,1
76.71835073845074,7.306853055352072,30.292408285377554,50.18637088540905,7.78565196087696,0,0,1,0
76.27842564533881,4.92597783933734,6.466857449478476,44.326315671962824,95.54481914380675,1,1,1,0
52.541968570206606,4.870546676670422,19.0760042587188,23.52446688785473,24.696116699189254,1,1,0,0
35.661902292037766,4.491978248566987,28.73324701488016,23.693568050172182,85.96453453526065,1,0,1,1
79.24205994811672,7.301513598506691,9.893612632763332,68.44078791626583,16.88100057845642,1,0,0,0
71.94490432229671,7.82186331110868,25.624607341955496,52.05502961038195,85.39428821418528,0,0,1,1
36.233134060163344,5.32523214162502,26.66401916186477,35.8565138225274,1.3228812905293985,1,0,1,0
76.04209413086862,4.104724805154564,6.5079897523426355,62.97792144276629,51.178045656948065,1,1,1,1
73.49481810310641,4.410858337382137,22.603412498110252,37.70006827750778,76.94425794215569,0,0,1,0
55.94190285630361,8.839300174225151,30.865076439144307,60.43422280410958,93.47955174927833,1,0,1,1
59.563771787246466,5.477223887387101,19.955826581437677,45.14461228878832,90.92021362064871,1,0,0,0
49.95013519350651,7.846115739190668,0.484124671044297,77.64865586282733,81.96248695476449,1,0,0,0
32.73808194110157,7.123317844271319,0.3615387631716871,77.44873125367455,88.8191349661304,0,0,0,1
46.759862082295044,5.909698198264479,14.281173758800488,53.41452786856809,19.92196858370765,1,1,1,1
70.14267242990057,5.028436310977776,37.04776273727128,44.55733765345109,28.418429571172876,1,1,1,0
30.231601150230144,4.606932090797033,9.147071184144352,45.37918575913662,28.89685249210585,0,0,0,1
46.67495858455721,7.075064840194333,25.374547554867487,76.40001679677525,37.70539310016988,0,0,1,0
49.90843467954717,7.87316890318894,8.883034827732823,42.97256379583284,39.33206703851887,1,1,1,1
56.86978014689615,7.2195212677056535,12.866799586381944,34.63415615947922,54.45553246546755,1,0,1,0
75.99278082063802,6.651510666245791,33.92168358405936,25.928183931271477,15.987976336644138,0,1,0,1
47.31729971829806,4.209756117158181,29.154457690797877,52.66851846190859,69.12466637859893,1,1,0,0
47.34766009481139,8.84244388797192,3.815971092528425,53.749246924388935,16.75665393045065,0,0,0,0
66.87506240548743,7.993570958272873,17.148080839457343,78.8636097282035,31.030848210454753,1,1,0,0
52.61089704449036,5.464110183504824,1.1667905458105787,35.48670875122448,50.33451306061541,0,0,0,1
41.2302411469991,8.899851646794254,19.23560586412036,46.66938915678799,79.64405615234773,1,0,1,0
52.621975806634666,7.009407948181611,26.49736046804272,76.58840172255836,73.94692332387272,0,1,1,1
37.04285101898999,6.912113291036232,4.740104943926062,77.65365275242814,64.55343564105223,0,1,1,1
38.819349325311165,7.740365897147661,11.555397556366627,46.92277531851377,15.577326058017016,0,0,1,1
54.91838863697399,8.058848940450687,15.913465020086278,52.138681630067666,54.70453456155777,0,1,0,0
50.946272475227396,7.282393036657513,36.78124098624199,41.2300123594498,8.744650179988545,0,0,0,1
75.742295053405,4.640478731831,39.73020061691856,85.27884148935185,37.73631767966508,1,1,1,1
48.119694955831655,5.6913375299724915,1.7964519598246342,28.30506360191062,41.35165302899592,1,1,0,1
59.029417513902175,8.640418201630249,30.44031693981568,85.3624596101029,3.9811439445753827,0,0,1,0
61.61321439597652,5.12307805921926,14.868962656093728,67.87065162847404,27.398809946997183,1,0,1,1
30.65472282941668,5.860835119187566,15.698327449179201,57.210050688071185,95.56494672664894,1,0,1,1
63.17686860083553,6.16038441472098,30.170598933880907,22.28613425491471,95.36326078296895,1,1,1,1
38.90179834348757,6.1970249484722615,36.73705728581635,53.29173342754058,35.23270542525393,1,0,0,1
78.05351587347275,7.064697912472628,38.037143780101935,48.542367350191256,4.310010894832406,1,0,1,0
37.43313638765565,8.715379188723539,23.08490344153283,31.28531683825858,17.909493932818155,1,1,0,0
50.73120618635119,5.203463559162525,14.284846372020112,65.94867224504598,39.221779343354015,0,1,1,1
34.26748340393219,4.60750688150459,31.50196343435117,87.98056351578,94.77796979692297,1,0,1,1
79.84371259229736,4.987352449299687,10.04005533049201,59.35321677451676,14.119906353718491,1,0,1,1
55.10975051656213,8.434624501046347,22.56296115334071,70.0327293510762,76.35158436682123,1,0,1,1
59.76925086600219,7.22905406327603,14.343138460994926,24.791531679621173,10.868253937469207,0,0,0,0
33.353823869421376,5.4295339461958,26.265242948315045,49.23668970718963,98.12575773912768,1,1,1,0
67.49802351995889,8.079734694843086,9.615956515740276,28.14509396151471,38.161649910913496,1,1,0,0
40.49527965477929,8.30684998181718,7.663717829393031,62.89570848755573,77.5234538899056,1,0,1,0
74.90271447203568,8.23257169345139,36.729563467017485,85.69375107499083,34.259108281113186,0,0,1,1
40.25698202410036,8.594632668197772,4.072147317981476,66.3244412730147,62.76688771588087,1,0,1,1
39.534386033183324,5.261205100866808,20.238316309397266,25.376213382009507,19.201608474003674,0,1,0,0
31.827483392404744,7.775209643731392,8.834111318520357,44.8266343489558,14.602101929696254,1,0,1,0
53.60334725549996,6.3026974863707,1.557198533026698,58.546436560859604,93.80641395681313,0,0,1,1
58.242056663130825,8.209992764450307,1.4407527316570556,48.224542929327654,91.76472779044335,0,1,1,1
33.285431971417616,7.642453385808066,7.008870884233094,78.35508073326207,88.74689402128824,0,1,1,1
68.77638083475053,7.882237232498623,34.67081418024001,77.02697032969925,62.543345016659345,1,0,1,1
52.664441737401376,7.280809188405358,11.299149759081066,62.8281714072255,80.82682112162783,0,0,0,1
56.219513466379,4.8871438473485345,38.01836682301183,46.14205615928937,6.903693691137491,0,1,0,0
52.03813734691141,6.725134594484691,23.264891719567743,37.87354616342709,33.47890418906792,0,0,1,0
50.0381530437663,8.92334869762254,17.464567590750644,27.411202274919052,31.37031247571562,0,0,1,1
57.982016565410895,8.686940332485594,23.203553386778182,44.84283784405878,63.56453219526132,1,1,0,1
37.76201229653562,4.215868678985059,20.66793540905071,48.92207620454037,35.59577734706405,1,1,1,0
39.09640652476355,4.824074078647186,30.351050150293005,67.30760475728516,14.85067816436808,1,1,0,1
73.08928105067587,4.65864386727281,11.29984263891409,66.07118770083014,59.646707541354374,1,0,1,0
77.30577310668164,7.629899549926478,14.122015664012096,24.907569774887985,81.43839206690815,0,1,1,0
48.66546581398765,8.088926649284726,35.76377210133003,47.668152080181045,38.21234944599732,1,1,0,0
43.53723365717769,5.067556831553359,37.85826052601622,32.72452070521533,13.22687150984817,0,0,1,0
62.19997716195079,6.529263464759145,35.70232909945898,30.976889372176398,19.668819731282305,1,0,0,1
50.43670855490482,8.203515140056,16.777919758292544,77.91115048160722,23.7483305169384,1,1,0,1
31.269317783017243,7.6640077238312525,31.214620120275267,22.934065170138027,29.989759299453624,1,1,0,0
37.80762986830952,6.711186027459242,19.05342933204395,49.34280131314849,64.27950705063091,0,0,1,1
65.79861144236988,6.951738452293864,19.90159408584409,31.774255903656275,60.0945484537719,1,0,0,1
62.94619709550757,6.5418027345814,8.187204362291357,81.55311509749319,69.60798615670392,1,1,0,1
31.354799625174174,5.487742256594103,23.64521213034066,58.99283592925246,36.25019845315131,1,1,1,1
41.098608096647474,6.8251099642950805,7.445435910133917,36.19664454637936,82.39976518799783,0,0,1,0
41.55373982940357,7.444426510250453,13.26258796268775,55.16991010164635,20.40876611557603,1,1,1,1
63.59463717993642,8.366614579304038,34.201208064797406,71.2040451792181,46.90407475181539,1,0,1,0
30.98552688771821,7.18145676989624,8.28303236843421,87.06826062436036,80.09387215414303,0,1,1,0
35.205429099228695,7.80560768521579,2.8463314069373125,35.43122029717932,18.015864773261924,0,0,1,1
69.99580426865947,4.800358174772865,2.760303704512652,82.03272404905417,10.986311374078294,1,0,0,0
38.927233102716684,6.307787372098949,37.63138082012431,85.40128799172432,88.36839676879897,1,1,1,1
62.63730539259374,4.046658099135467,20.276817518473386,84.14943811724464,34.29296627591959,1,1,0,1
41.90913905233633,5.233394322608115,16.376482872680732,64.47900498033368,68.3870124909032,0,0,1,0
34.97206963796726,7.632308575565024,32.435143240316734,64.08744581042953,2.534860426393848,0,1,0,1
42.1586095499727,8.959049756746818,33.43303711642064,48.22474432286759,69.00468884094497,0,1,0,0
66.11334659278296,4.495890497936079,13.287641324624184,72.66785176126515,31.61013115469705,1,1,1,0
72.78482340531428,6.007471579306442,27.74472229895181,57.19058128456523,5.574085358744174,0,0,1,1
71.51099322834958,8.000354843495797,30.844912634075463,67.42066498598061,60.9812761548117,1,1,0,1
49.85917648092274,5.020178173144494,26.18602747463818,49.99205326941568,24.080381607317324,0,1,1,1
63.40425682853231,6.7754247465114315,6.063802992003975,71.20475248301973,38.680724205188,0,0,1,0
40.24921477079105,7.665356480148374,35.03532334068228,77.71300623231843,8.058081228651359,0,1,0,1
44.65738651305067,7.079927251300895,21.563782109440346,30.25053796219713,14.716325109494532,1,1,0,0
74.81679092605599,4.940123673077081,11.298897054800147,78.30508009019596,29.797723549584376,1,0,0,0
30.650096175536802,5.7769228434286966,17.009127417507756,57.82075722532151,8.975950056015714,1,0,1,1
34.2754265427234,7.918958922426986,1.5028436159562952,79.12661363631571,91.08262646863152,1,1,1,1
40.394312757301364,6.771132570660083,5.114672048896702,50.191119443871024,0.6047043183978418,0,1,1,1
31.326610193690986,4.026148067714564,30.621870020634432,46.532833976812455,48.38602188643114,1,0,1,0
39.071771754489866,7.804953800140469,0.00046539021464564456,84.05425127620558,12.324745813255145,0,0,0,1
59.15207804848461,4.176556774701195,16.662633139291685,37.581848728388096,30.767908947794854,1,1,1,0
51.0712275296249,7.728668913656161,20.900407243423537,79.09486277003002,92.60595598182655,1,1,0,1
74.63358555384875,5.012402800826187,2.185376800038892,53.88144007565829,16.169455327398687,0,1,1,1
70.87217808692205,8.790367400596901,38.92312651889331,55.98668097858818,96.58323197183326,0,0,1,0
47.0908675848938,5.839703756510422,9.045013249986877,41.59277970426388,20.579437698942172,1,1,0,0
42.971171671564626,5.634658081690396,12.167948785451234,60.1129540433311,74.15661084668295,1,0,1,1
48.98462040836334,4.7444402516622235,12.157700490201094,42.76478373933479,54.66772648973117,0,0,1,1
59.514747125740385,5.528021077451074,9.216666484693995,22.74885899691566,88.44787275967592,0,0,0,1
43.403182041143815,8.383253809141003,0.05895288345245664,39.039902374104926,55.399325550313094,0,1,1,1
61.207445392456705,8.981671688136236,29.173791763519855,20.446533038461347,53.45592191563087,0,1,0,1
50.47058260956202,5.841547652534242,38.67381999197141,88.48483509397997,19.54580003683999,0,1,0,0
57.60235904259901,6.243053154772713,8.971739331401803,87.60230468738233,16.62293620516587,1,0,0,0
51.80632645676583,7.6103546910136854,26.5218876721369,47.66087082306135,91.64891511155142,1,1,0,0
44.723287977095886,8.430978902325371,29.675853078348602,70.98595980377522,32.78381988500341,1,0,1,0
77.42266534810784,6.9652216709339205,33.93701516362099,44.20642688872975,37.20822549628959,1,0,1,1
68.18028970798804,5.957628490889147,16.905167880544365,66.97652099601832,75.98236584283885,0,0,1,0
37.00565878832263,6.063109204243119,12.11723622561717,76.38010301321853,33.882348242280734,0,0,0,0
73.42339879489563,7.478090732484034,13.011805360921244,86.27293712845685,95.20624466390028,0,0,1,0
54.37155991247568,4.0160913180213935,28.504853323940512,48.01485930947704,73.79277689988002,1,0,1,1
74.72761134470457,7.097946687299204,32.67117866022544,74.83085880692335,59.742924257342,0,1,1,0
69.99276279736577,5.777465052206787,7.264558710264106,38.61499154424831,88.08951605447525,0,0,1,1
51.260675223461675,7.9709866563854215,14.83764032631061,89.32326126555539,4.960590834948276,1,1,0,0
31.12346541600587,4.46495319911566,36.077607869966,21.80387191350458,25.706269218920873,1,0,0,1
43.4338679692473,6.941011334741953,32.26774078778957,62.247016455078466,46.50363342209099,1,1,1,0
57.081710733043344,6.404864449430619,39.39433611049903,66.16541871559289,22.6978539471521,0,1,0,1
61.673910991307366,7.211627629526137,30.16993038728323,68.16318899518902,74.39051873021519,0,1,1,0
42.894384271660115,4.324267972414842,15.72780804111689,28.42713051523623,91.92080310537251,1,1,1,1
36.96780370364121,6.899918937140656,23.62551335978551,85.69708484311913,42.37701199309234,1,0,1,1
71.74651183996495,6.807422939797618,26.440570169892812,32.682829533505796,34.2132600111895,0,0,0,0
79.22010903517761,6.8033004720808545,3.138232652684958,63.592738226788875,96.15507321375662,1,0,1,1
56.28450911513429,7.017438332982274,21.779878364154605,35.58732553861594,44.485243282754084,0,0,0,1
38.583964292415175,7.382339686131811,28.372833138904383,41.50514919148896,48.90484004492832,1,1,0,0
43.61536632596845,8.02494499840385,6.692852160042415,58.25209792096871,35.164987234190534,1,1,1,0
30.919533827373336,5.3491036006410715,31.225268697022287,49.20353929952036,90.95484730121383,1,1,0,1
75.71494032802495,8.12524705090031,23.350911220564466,31.21579206835544,56.89554832818507,0,0,0,0
35.88755414450706,6.491278411317268,38.08887142790378,31.96554816945938,76.21745871816447,0,1,1,0
58.82582377571268,4.385291395671656,1.6968919282756678,49.27013517139598,81.18067183508863,1,0,0,0
43.7027610343603,4.292754646219896,10.613045502218679,73.00980847928506,34.18490419172582,0,1,0,1
57.70890012578967,5.671191593480303,24.062155171992963,82.8575252793452,43.369433132038004,1,1,1,1
62.57101941759321,7.924484885557337,11.862396488237227,25.888936358156798,84.84717744062647,1,1,1,1
71.48709018536007,7.538404673704578,28.576966562849687,47.517273529158075,36.32553516758102,0,1,0,1
40.32106358803016,7.943074823362032,30.36021130087724,27.017189460601365,79.39351334518513,0,1,1,1
30.549791432924025,6.586345282208047,4.100638562658978,21.161473644281852,94.09923225744372,0,0,1,1
36.844281503440364,6.200994989777453,20.554178568270707,66.32030778507696,62.3210373068007,0,1,0,1
75.00093209240526,4.73726263353142,20.355622223642236,62.171460937661145,74.16272874518889,1,0,0,0
73.69450387812577,5.640963768046557,14.771230808621642,31.411337967042034,80.50973120411349,0,0,1,1
59.870655108515415,6.170096830869376,37.31699450278688,36.36689831651449,84.50396488966425,0,0,0,1
60.02584302168267,4.443002148398087,33.10025279492885,21.659542755116288,39.505333785679596,1,0,1,0
63.25183372731277,5.103059763556056,27.88837527638547,78.44630439860826,5.126345917599817,1,0,1,0
38.76856393117248,6.991126470318694,28.573065429399904,88.2283417233986,40.187627123673956,1,0,0,0
75.72059729624799,7.678315571195949,18.468645752524765,29.482167575628356,67.37562297840898,1,0,0,1
50.93852624460365,8.991737556964749,36.83978084386303,36.20326496357087,45.03503857807928,0,0,1,0
49.156926412474874,8.66556665671779,27.783817090131414,80.78866667628537,74.89631508603985,0,1,1,1
55.94588526414188,7.2128259976759574,29.15924246623266,84.85246585693294,35.69824294686639,1,1,1,1
32.348298338752755,6.10624026647036,34.46763615149381,49.37391679647672,63.474414110402954,1,0,1,1
38.31416843780397,7.180886823541163,10.96286357368764,23.54357305883519,18.641980485397458,0,0,0,0
66.90168082131852,7.92825809040116,32.28283615466812,22.757428358497357,74.93694366449569,0,0,1,0
34.139933396256325,4.591680954616937,7.8096241182596815,60.176490624830734,54.56959688130259,0,1,0,1
60.15760547331941,6.049524448481441,13.813678089795513,47.502657622522534,20.40643885466006,0,1,0,1
42.26745548406605,8.199011428178085,13.424418170793707,22.005669930435815,29.191117349780725,0,0,1,1
49.46478070209883,5.91916475966522,39.14101873556562,60.827667461878974,74.86087085818323,1,0,0,0
44.434686838534994,6.859361356135933,34.26148894991707,20.791177561231574,48.26012356615207,1,1,0,1
47.78363582324746,6.938846804310991,28.04679446361039,75.11603707044911,21.60314403930722,1,1,1,0
65.95229525921228,4.9223812656681964,29.082270464615604,41.450297589236015,96.72711903702977,1,0,0,1
44.856085781158754,5.811177208261442,22.482911776102842,22.818060210646248,71.51250198168879,0,0,0,0
58.32023201484486,5.672556443709661,37.88362668434076,61.18465546882073,95.71348325397962,1,0,1,1
53.80252010995498,4.130983542660324,19.85035011529446,47.83790901031383,42.71050453603432,0,0,1,0
63.18355826813241,4.120958819456776,15.220708394795782,88.16602893500047,47.51003406917205,0,1,1,0
76.84148696623791,8.158485218378868,6.52141347726364,58.09390637525915,89.79552161850192,0,1,1,0
66.62860486051252,5.365354049864062,31.44822609044232,39.26674267259058,52.504934024538464,0,0,1,0
40.74701892953784,6.590393831194078,29.37775728302366,69.66072052437823,70.72789119056672,0,0,1,0
31.559156753064233,5.493627867943865,15.374201540965394,39.00444017798979,25.217287749552998,0,0,1,0
43.113202214991254,8.703396225576704,1.0077365583691744,83.29703039852956,44.67264687026405,0,1,0,1
59.75389653501274,5.296483794328869,33.55989310872043,46.23053793551635,12.34498658103551,1,0,0,1
32.57129067421252,6.148284063694676,0.4567193381629453,58.49079939433437,20.59800358769617,0,0,1,1
54.81831236006182,8.36365125242301,28.147991185162038,23.54011726769602,0.0943415267631087,1,0,0,1
59.84214244584446,8.209667833959044,38.81028438904228,49.82848665665615,3.926505164866023,1,1,0,0
46.712194540848046,4.930507089231386,17.50645312592814,78.26544777626964,97.72838231769293,0,0,1,1
68.54561018729109,8.013216548978551,9.398936199838111,76.39541637543394,24.23536951367623,0,1,0,0
35.32991265668859,6.290934433689463,28.19484040173527,35.70229911974684,66.33107095040019,1,0,1,0
33.75688908679044,6.414844360426776,32.68512568062341,35.82553497073938,83.90996987996115,1,0,0,0
66.40943781018017,4.667399862079719,21.857212643113893,77.21137185492657,55.066045923656425,1,0,1,1
54.77456581030992,4.403007568785624,38.681411010245846,85.12788941185279,15.31445000839562,1,1,0,0
64.4201198213868,7.6396965348688255,2.066748866318444,26.675264489110248,72.81164373361663,0,0,0,1
51.74136693018731,6.482305761776499,20.191823932181126,51.50410475983577,60.025141009958304,0,0,0,1
42.32010166195534,6.184253513075898,28.738157892902002,43.62179952749602,73.12505893473751,0,1,1,1
70.95511588371,7.647541143261984,34.505618845967156,80.94819188202075,76.97466228570872,1,1,0,1
69.97079394844897,7.827564494955549,7.170224476311602,25.846744027601314,97.54103676847451,0,1,0,1
64.73482354272133,4.794540838346768,32.00013927054726,34.778815979062614,57.356328002671,1,0,1,0
43.607256861498136,7.051125747388206,22.10828302874181,72.67278363105461,34.164111269060186,0,1,1,0
59.51153334345435,4.676770411388428,15.862147279598528,23.59056942868509,64.8464556900237,1,0,0,1
48.04869484700134,7.756875430145229,5.2686011431637425,54.47747665000025,6.844070924262613,0,1,0,0
34.579103666331704,7.284775781335698,34.6118303563565,50.9474924275804,89.73973183215863,0,1,0,1
75.86567877311214,8.78307310541729,6.290928327188614,43.40808252921241,11.938101133819679,1,1,0,0
36.84093154594807,4.344790081782106,12.39151436836397,47.620062072324664,32.784283788581824,1,0,1,0
77.51186769104012,4.285273605756272,11.601821278497475,57.095841085116305,81.57453806261209,1,0,0,0
52.30028864789779,5.410935373466001,34.85656136763417,31.29571508718682,59.731237833071184,1,0,0,0
